{
  "__type__": "cc.AnimationClip",
  "_name": "scale",
  "_duration": 2,
  "sample": 40,
  "wrapMode": 2,
  "curveData": {
    "props": {
      "scale": [
        {
          "frame": 0,
          "value": {
            "__type__": "cc.Vec2",
            "x": 1,
            "y": 1
          }
        },
        {
          "frame": 1,
          "value": {
            "__type__": "cc.Vec2",
            "x": 0.6,
            "y": 0.6
          }
        },
        {
          "frame": 2,
          "value": {
            "__type__": "cc.Vec2",
            "x": 1,
            "y": 1
          }
        }
      ]
    }
  }
}