[
  {
    "__type__": "cc.Prefab",
    "_name": "logItem",
    "data": {
      "__id__": 1
    },
    "asyncLoadAssets": null
  },
  {
    "__type__": "cc.Node",
    "_name": "logItem",
    "_children": [
      {
        "__id__": 2
      },
      {
        "__id__": 11
      }
    ],
    "_components": [
      {
        "__type__": "6da62neh6RM/Yuw7k4ZOZuF",
        "node": {
          "__id__": 1
        },
        "timeLabel": {
          "__id__": 4
        },
        "infoLabel": {
          "__id__": 6
        },
        "moneyLabel": {
          "__id__": 8
        },
        "resultLabel": {
          "__id__": 10
        }
      },
      {
        "__type__": "cc.Button",
        "node": {
          "__id__": 1
        },
        "clickEvents": [
          {
            "__type__": "cc.ClickEvent",
            "target": {
              "__id__": 1
            },
            "component": "LogItemDelegate",
            "handler": "onItemClick"
          }
        ],
        "_N$target": {
          "__id__": 1
        }
      }
    ],
    "_prefab": {
      "__type__": "cc.PrefabInfo",
      "root": {
        "__id__": 1
      },
      "asset": {
        "__uuid__": "dcZi7Ary9KJquC5uNRjmQW"
      },
      "fileId": "df1ClWjqNDDLBM/X0vbfH7"
    },
    "_contentSize": {
      "__type__": "cc.Size",
      "width": 835,
      "height": 140
    }
  },
  {
    "__type__": "cc.Node",
    "_name": "content",
    "_parent": {
      "__id__": 1
    },
    "_children": [
      {
        "__id__": 3
      },
      {
        "__id__": 5
      },
      {
        "__id__": 7
      },
      {
        "__id__": 9
      }
    ],
    "_components": [
      {
        "__type__": "cc.Layout",
        "node": {
          "__id__": 2
        },
        "_layoutSize": {
          "__type__": "cc.Size",
          "width": 835,
          "height": 140
        },
        "_N$layoutType": 1
      },
      {
        "__type__": "cc.Widget",
        "node": {
          "__id__": 2
        },
        "_alignFlags": 45,
        "_originalWidth": 200,
        "_originalHeight": 150
      }
    ],
    "_prefab": {
      "__type__": "cc.PrefabInfo",
      "root": {
        "__id__": 1
      },
      "asset": {
        "__uuid__": "dcZi7Ary9KJquC5uNRjmQW"
      },
      "fileId": "f73gekCmBD0LF5+Rl/Xb/f"
    },
    "_color": {
      "__type__": "cc.Color",
      "r": 167,
      "g": 167,
      "b": 167
    },
    "_contentSize": {
      "__type__": "cc.Size",
      "width": 835,
      "height": 140
    }
  },
  {
    "__type__": "cc.Node",
    "_name": "timeLabel",
    "_parent": {
      "__id__": 2
    },
    "_components": [
      {
        "__id__": 4
      },
      {
        "__type__": "cc.Widget",
        "node": {
          "__id__": 3
        },
        "_alignFlags": 2,
        "_verticalCenter": 5
      }
    ],
    "_prefab": {
      "__type__": "cc.PrefabInfo",
      "root": {
        "__id__": 1
      },
      "asset": {
        "__uuid__": "dcZi7Ary9KJquC5uNRjmQW"
      },
      "fileId": "4ej7FULNtHabToHpMLwfE5"
    },
    "_anchorPoint": {
      "__type__": "cc.Vec2"
    },
    "_contentSize": {
      "__type__": "cc.Size",
      "width": 200,
      "height": 80
    },
    "_position": {
      "__type__": "cc.Vec2",
      "x": -417.5,
      "y": -35
    }
  },
  {
    "__type__": "cc.Label",
    "node": {
      "__id__": 3
    },
    "_useOriginalSize": false,
    "_actualFontSize": 28,
    "_fontSize": 28,
    "_N$string": "今天\n15:40",
    "_N$horizontalAlign": 1,
    "_N$verticalAlign": 1,
    "_N$overflow": 3
  },
  {
    "__type__": "cc.Node",
    "_name": "infoLabel",
    "_parent": {
      "__id__": 2
    },
    "_components": [
      {
        "__id__": 6
      },
      {
        "__type__": "cc.Widget",
        "node": {
          "__id__": 5
        },
        "_alignFlags": 2
      }
    ],
    "_prefab": {
      "__type__": "cc.PrefabInfo",
      "root": {
        "__id__": 1
      },
      "asset": {
        "__uuid__": "dcZi7Ary9KJquC5uNRjmQW"
      },
      "fileId": "673qgBIq9BC4L1oUcr7qtY"
    },
    "_contentSize": {
      "__type__": "cc.Size",
      "width": 255,
      "height": 140
    },
    "_position": {
      "__type__": "cc.Vec2",
      "x": -90
    }
  },
  {
    "__type__": "cc.Label",
    "node": {
      "__id__": 5
    },
    "_useOriginalSize": false,
    "_actualFontSize": 24,
    "_fontSize": 24,
    "_lineHeight": 32,
    "_enableWrapText": false,
    "_N$string": "法国VS德国",
    "_N$horizontalAlign": 1,
    "_N$verticalAlign": 1,
    "_N$overflow": 2
  },
  {
    "__type__": "cc.Node",
    "_name": "moneyLabel",
    "_parent": {
      "__id__": 2
    },
    "_components": [
      {
        "__id__": 8
      },
      {
        "__type__": "cc.Widget",
        "node": {
          "__id__": 7
        },
        "_alignFlags": 2
      }
    ],
    "_prefab": {
      "__type__": "cc.PrefabInfo",
      "root": {
        "__id__": 1
      },
      "asset": {
        "__uuid__": "dcZi7Ary9KJquC5uNRjmQW"
      },
      "fileId": "61U0IETi9K2LUqUVIuYc1D"
    },
    "_anchorPoint": {
      "__type__": "cc.Vec2"
    },
    "_contentSize": {
      "__type__": "cc.Size",
      "width": 170,
      "height": 32
    },
    "_position": {
      "__type__": "cc.Vec2",
      "x": 37.5,
      "y": -16
    }
  },
  {
    "__type__": "cc.Label",
    "node": {
      "__id__": 7
    },
    "_useOriginalSize": false,
    "_actualFontSize": 28,
    "_fontSize": 28,
    "_lineHeight": 32,
    "_N$string": "3:0",
    "_N$horizontalAlign": 1,
    "_N$verticalAlign": 1,
    "_N$overflow": 3
  },
  {
    "__type__": "cc.Node",
    "_name": "resultLabel",
    "_parent": {
      "__id__": 2
    },
    "_components": [
      {
        "__id__": 10
      },
      {
        "__type__": "cc.Widget",
        "node": {
          "__id__": 9
        },
        "_alignFlags": 2
      }
    ],
    "_prefab": {
      "__type__": "cc.PrefabInfo",
      "root": {
        "__id__": 1
      },
      "asset": {
        "__uuid__": "dcZi7Ary9KJquC5uNRjmQW"
      },
      "fileId": "9fkfwLR/xDGYITbAOiLYnD"
    },
    "_anchorPoint": {
      "__type__": "cc.Vec2"
    },
    "_contentSize": {
      "__type__": "cc.Size",
      "width": 210,
      "height": 100
    },
    "_position": {
      "__type__": "cc.Vec2",
      "x": 207.5,
      "y": -50
    }
  },
  {
    "__type__": "cc.Label",
    "node": {
      "__id__": 9
    },
    "_useOriginalSize": false,
    "_actualFontSize": 28,
    "_fontSize": 28,
    "_lineHeight": 32,
    "_N$string": "3:0",
    "_N$horizontalAlign": 1,
    "_N$verticalAlign": 1,
    "_N$overflow": 1
  },
  {
    "__type__": "cc.Node",
    "_name": "bottom_line",
    "_parent": {
      "__id__": 1
    },
    "_components": [
      {
        "__type__": "cc.Sprite",
        "node": {
          "__id__": 11
        },
        "_spriteFrame": {
          "__uuid__": "b3y1SxvCxAerhvQEaijgmL"
        },
        "_sizeMode": 0
      },
      {
        "__type__": "cc.Widget",
        "node": {
          "__id__": 11
        },
        "_alignFlags": 44,
        "_originalWidth": 831
      }
    ],
    "_prefab": {
      "__type__": "cc.PrefabInfo",
      "root": {
        "__id__": 1
      },
      "asset": {
        "__uuid__": "dcZi7Ary9KJquC5uNRjmQW"
      },
      "fileId": "f5924bqqpI5YB+9xObZSSP"
    },
    "_contentSize": {
      "__type__": "cc.Size",
      "width": 835,
      "height": 2
    },
    "_position": {
      "__type__": "cc.Vec2",
      "y": -69
    }
  }
]