[
  {
    "__type__": "cc.Prefab",
    "_name": "AlertContent",
    "data": {
      "__id__": 1
    },
    "asyncLoadAssets": null
  },
  {
    "__type__": "cc.Node",
    "_name": "AlertContent",
    "_children": [
      {
        "__id__": 2
      },
      {
        "__id__": 3
      },
      {
        "__type__": "cc.Node",
        "_name": "keyboardContainer",
        "_parent": {
          "__id__": 1
        },
        "_prefab": {
          "__type__": "cc.PrefabInfo",
          "root": {
            "__id__": 1
          },
          "asset": {
            "__uuid__": "24vXz/yvdGFahCxAN0/UGr"
          },
          "fileId": "c4HgdcgPRMNpUY/KgCgi/D"
        },
        "_contentSize": {
          "__type__": "cc.Size",
          "width": 1920.1,
          "height": 1200
        }
      }
    ],
    "_components": [
      {
        "__type__": "cc.BlockInputEvents",
        "node": {
          "__id__": 1
        }
      }
    ],
    "_prefab": {
      "__type__": "cc.PrefabInfo",
      "root": {
        "__id__": 1
      },
      "asset": {
        "__uuid__": "24vXz/yvdGFahCxAN0/UGr"
      },
      "fileId": "33p6O1aAFDqaiDnPZuGzQf"
    },
    "_contentSize": {
      "__type__": "cc.Size",
      "width": 1920,
      "height": 1200
    }
  },
  {
    "__type__": "cc.Node",
    "_name": "mask",
    "_parent": {
      "__id__": 1
    },
    "_components": [
      {
        "__type__": "cc.Sprite",
        "node": {
          "__id__": 2
        },
        "_spriteFrame": {
          "__uuid__": "41D7kWhyFGY7q4NDlzkazn"
        },
        "_sizeMode": 0
      }
    ],
    "_prefab": {
      "__type__": "cc.PrefabInfo",
      "root": {
        "__id__": 1
      },
      "asset": {
        "__uuid__": "24vXz/yvdGFahCxAN0/UGr"
      },
      "fileId": "1dfSnUCBVMUazHU4XwW+4z"
    },
    "_opacity": 160,
    "_color": {
      "__type__": "cc.Color"
    },
    "_contentSize": {
      "__type__": "cc.Size",
      "width": 1920,
      "height": 1200
    }
  },
  {
    "__type__": "cc.Node",
    "_name": "alert",
    "_parent": {
      "__id__": 1
    },
    "_children": [
      {
        "__id__": 4
      },
      {
        "__id__": 5
      },
      {
        "__id__": 6
      },
      {
        "__id__": 7
      },
      {
        "__id__": 9
      }
    ],
    "_components": [
      {
        "__type__": "cc.Sprite",
        "node": {
          "__id__": 3
        },
        "_spriteFrame": {
          "__uuid__": "5aaXyCA/RFBqyU0ecR80h+"
        },
        "_type": 1,
        "_sizeMode": 0
      },
      {
        "__type__": "cc.BlockInputEvents",
        "node": {
          "__id__": 3
        }
      }
    ],
    "_prefab": {
      "__type__": "cc.PrefabInfo",
      "root": {
        "__id__": 1
      },
      "asset": {
        "__uuid__": "24vXz/yvdGFahCxAN0/UGr"
      },
      "fileId": "e8h8vHHUlBZ4Nxf7WmhMiP"
    },
    "_contentSize": {
      "__type__": "cc.Size",
      "width": 640,
      "height": 650
    }
  },
  {
    "__type__": "cc.Node",
    "_name": "titleLabel",
    "_parent": {
      "__id__": 3
    },
    "_components": [
      {
        "__type__": "cc.Label",
        "node": {
          "__id__": 4
        },
        "_useOriginalSize": false,
        "_actualFontSize": 44,
        "_fontSize": 44,
        "_lineHeight": 44,
        "_N$string": "交易单",
        "_N$horizontalAlign": 1,
        "_N$verticalAlign": 1
      },
      {
        "__type__": "cc.Widget",
        "node": {
          "__id__": 4
        },
        "_alignFlags": 16
      }
    ],
    "_prefab": {
      "__type__": "cc.PrefabInfo",
      "root": {
        "__id__": 1
      },
      "asset": {
        "__uuid__": "24vXz/yvdGFahCxAN0/UGr"
      },
      "fileId": "6bC51hzX9MFqujMPU/rO4Y"
    },
    "_contentSize": {
      "__type__": "cc.Size",
      "width": 132,
      "height": 44
    },
    "_position": {
      "__type__": "cc.Vec2",
      "y": 281
    }
  },
  {
    "__type__": "cc.Node",
    "_name": "btn_refresh",
    "_parent": {
      "__id__": 3
    },
    "_components": [
      {
        "__type__": "cc.Widget",
        "node": {
          "__id__": 5
        },
        "_alignFlags": 36,
        "_right": 44,
        "_bottom": 24
      }
    ],
    "_prefab": {
      "__type__": "cc.PrefabInfo",
      "root": {
        "__id__": 1
      },
      "asset": {
        "__uuid__": "24vXz/yvdGFahCxAN0/UGr"
      },
      "fileId": "3d6SHt3xZHgJFgoaouLckA"
    },
    "_contentSize": {
      "__type__": "cc.Size",
      "width": 80,
      "height": 80
    },
    "_position": {
      "__type__": "cc.Vec2",
      "x": 236,
      "y": -261
    }
  },
  {
    "__type__": "cc.Node",
    "_name": "btnSubmit",
    "_parent": {
      "__id__": 3
    },
    "_components": [
      {
        "__type__": "cc.Sprite",
        "node": {
          "__id__": 6
        },
        "_spriteFrame": {
          "__uuid__": "fexyuk0+5LerpXvn8/tXNn"
        }
      },
      {
        "__type__": "cc.Widget",
        "node": {
          "__id__": 6
        },
        "_alignFlags": 20,
        "_bottom": 17,
        "_horizontalCenter": 8
      },
      {
        "__type__": "cc.Button",
        "node": {
          "__id__": 6
        },
        "transition": 3,
        "zoomScale": 0.9,
        "_N$target": {
          "__id__": 6
        }
      }
    ],
    "_prefab": {
      "__type__": "cc.PrefabInfo",
      "root": {
        "__id__": 1
      },
      "asset": {
        "__uuid__": "24vXz/yvdGFahCxAN0/UGr"
      },
      "fileId": "318tRZIm5EKLwkNb5mDnqG"
    },
    "_contentSize": {
      "__type__": "cc.Size",
      "width": 218,
      "height": 60
    },
    "_position": {
      "__type__": "cc.Vec2",
      "x": 8,
      "y": -278
    }
  },
  {
    "__type__": "cc.Node",
    "_name": "btnCancel",
    "_parent": {
      "__id__": 3
    },
    "_children": [
      {
        "__id__": 8
      }
    ],
    "_components": [
      {
        "__type__": "cc.Button",
        "node": {
          "__id__": 7
        },
        "transition": 3,
        "zoomScale": 0.9,
        "_N$target": {
          "__id__": 7
        }
      }
    ],
    "_prefab": {
      "__type__": "cc.PrefabInfo",
      "root": {
        "__id__": 1
      },
      "asset": {
        "__uuid__": "24vXz/yvdGFahCxAN0/UGr"
      },
      "fileId": "09X2+aGYVCdpBM4/az861L"
    },
    "_contentSize": {
      "__type__": "cc.Size",
      "width": 80,
      "height": 80
    },
    "_position": {
      "__type__": "cc.Vec2",
      "x": 263,
      "y": 281
    }
  },
  {
    "__type__": "cc.Node",
    "_name": "btn_close",
    "_parent": {
      "__id__": 7
    },
    "_components": [
      {
        "__type__": "cc.Sprite",
        "node": {
          "__id__": 8
        },
        "_spriteFrame": {
          "__uuid__": "a0LWK5dgRJVbcPJcDFHXfD"
        },
        "_sizeMode": 0
      },
      {
        "__type__": "cc.Widget",
        "node": {
          "__id__": 8
        },
        "_alignFlags": 18,
        "_right": 40,
        "_top": 22
      }
    ],
    "_prefab": {
      "__type__": "cc.PrefabInfo",
      "root": {
        "__id__": 1
      },
      "asset": {
        "__uuid__": "24vXz/yvdGFahCxAN0/UGr"
      },
      "fileId": "01e7WRPR5Cl5iGnqPYRmOF"
    },
    "_contentSize": {
      "__type__": "cc.Size",
      "width": 44,
      "height": 44
    }
  },
  {
    "__type__": "cc.Node",
    "_name": "content",
    "_parent": {
      "__id__": 3
    },
    "_components": [
      {
        "__type__": "cc.Sprite",
        "node": {
          "__id__": 9
        },
        "_type": 1,
        "_sizeMode": 0
      },
      {
        "__type__": "cc.Layout",
        "node": {
          "__id__": 9
        },
        "_layoutSize": {
          "__type__": "cc.Size",
          "width": 560,
          "height": 440
        },
        "_resize": 1,
        "_N$layoutType": 1,
        "_N$spacingX": 32
      },
      {
        "__type__": "cc.Widget",
        "node": {
          "__id__": 9
        },
        "_alignFlags": 18,
        "_top": 250,
        "_bottom": 250,
        "_originalHeight": 150
      }
    ],
    "_prefab": {
      "__type__": "cc.PrefabInfo",
      "root": {
        "__id__": 1
      },
      "asset": {
        "__uuid__": "24vXz/yvdGFahCxAN0/UGr"
      },
      "fileId": "9cWVPjQz5DsLiZWuG9u3Rs"
    },
    "_color": {
      "__type__": "cc.Color",
      "r": 167,
      "g": 167,
      "b": 167
    },
    "_contentSize": {
      "__type__": "cc.Size",
      "width": 560,
      "height": 440
    }
  }
]