[
  {
    "__type__": "cc.SceneAsset",
    "_name": "loading",
    "scene": {
      "__id__": 1
    },
    "asyncLoadAssets": null
  },
  {
    "__type__": "cc.Scene",
    "_name": "New Node",
    "_children": [
      {
        "__id__": 2
      },
      {
        "__id__": 14
      },
      {
        "__id__": 23
      },
      {
        "__id__": 24
      }
    ],
    "_anchorPoint": {
      "__type__": "cc.Vec2"
    },
    "autoReleaseAssets": false
  },
  {
    "__type__": "cc.Node",
    "_name": "Canvas",
    "_parent": {
      "__id__": 1
    },
    "_children": [
      {
        "__id__": 3
      },
      {
        "__id__": 4
      },
      {
        "__id__": 5
      },
      {
        "__id__": 6
      },
      {
        "__id__": 7
      },
      {
        "__id__": 8
      },
      {
        "__id__": 9
      }
    ],
    "_components": [
      {
        "__type__": "cc.Canvas",
        "node": {
          "__id__": 2
        },
        "_designResolution": {
          "__type__": "cc.Size",
          "width": 1920,
          "height": 1200
        }
      }
    ],
    "_id": "0alay+u5RDSb70Yr+PeDn9",
    "_contentSize": {
      "__type__": "cc.Size",
      "width": 1920,
      "height": 1200
    },
    "_position": {
      "__type__": "cc.Vec2",
      "x": 960,
      "y": 600
    }
  },
  {
    "__type__": "cc.Node",
    "_name": "beijing",
    "_parent": {
      "__id__": 2
    },
    "_components": [
      {
        "__type__": "cc.Sprite",
        "node": {
          "__id__": 3
        },
        "_spriteFrame": {
          "__uuid__": "6fY07LUVZLy5DWp4HIAqUH"
        }
      }
    ],
    "_contentSize": {
      "__type__": "cc.Size",
      "width": 1920,
      "height": 1200
    }
  },
  {
    "__type__": "cc.Node",
    "_name": "logo",
    "_parent": {
      "__id__": 2
    },
    "_components": [
      {
        "__type__": "cc.Sprite",
        "node": {
          "__id__": 4
        },
        "_spriteFrame": {
          "__uuid__": "7fFelFB+VOeYmv4yzyQpkA"
        }
      },
      {
        "__type__": "cc.Widget",
        "node": {
          "__id__": 4
        },
        "_alignFlags": 17,
        "_top": 205.5
      }
    ],
    "_contentSize": {
      "__type__": "cc.Size",
      "width": 2397,
      "height": 396
    },
    "_position": {
      "__type__": "cc.Vec2",
      "y": 196.5
    }
  },
  {
    "__type__": "cc.Node",
    "_name": "singleColor",
    "_parent": {
      "__id__": 2
    },
    "_active": false,
    "_components": [
      {
        "__type__": "cc.Sprite",
        "node": {
          "__id__": 5
        },
        "_spriteFrame": {
          "__uuid__": "41D7kWhyFGY7q4NDlzkazn"
        },
        "_sizeMode": 0
      }
    ],
    "_opacity": 156,
    "_color": {
      "__type__": "cc.Color",
      "r": 34,
      "g": 32,
      "b": 32
    },
    "_contentSize": {
      "__type__": "cc.Size",
      "width": 1920,
      "height": 1200
    }
  },
  {
    "__type__": "cc.Node",
    "_name": "logo_text",
    "_parent": {
      "__id__": 2
    },
    "_components": [
      {
        "__type__": "cc.Sprite",
        "node": {
          "__id__": 6
        },
        "_spriteFrame": {
          "__uuid__": "607a0+HC9KI6ER5sJmQODt"
        }
      }
    ],
    "_contentSize": {
      "__type__": "cc.Size",
      "width": 693,
      "height": 93
    },
    "_position": {
      "__type__": "cc.Vec2",
      "y": 62
    }
  },
  {
    "__type__": "cc.Node",
    "_name": "tips",
    "_parent": {
      "__id__": 2
    },
    "_components": [
      {
        "__type__": "cc.Sprite",
        "node": {
          "__id__": 7
        },
        "_spriteFrame": {
          "__uuid__": "1a16U3PSJLLajEZcmf7C//"
        }
      }
    ],
    "_contentSize": {
      "__type__": "cc.Size",
      "width": 689,
      "height": 70
    },
    "_position": {
      "__type__": "cc.Vec2",
      "x": 3,
      "y": -36
    }
  },
  {
    "__type__": "cc.Node",
    "_name": "loading_text",
    "_parent": {
      "__id__": 2
    },
    "_components": [
      {
        "__type__": "cc.Sprite",
        "node": {
          "__id__": 8
        },
        "_spriteFrame": {
          "__uuid__": "f6s+Lc0OpFhoohIboSH5fz"
        }
      },
      {
        "__type__": "cc.Widget",
        "node": {
          "__id__": 8
        },
        "_alignFlags": 20,
        "_bottom": 300
      }
    ],
    "_contentSize": {
      "__type__": "cc.Size",
      "width": 154,
      "height": 38
    },
    "_position": {
      "__type__": "cc.Vec2",
      "y": -281
    }
  },
  {
    "__type__": "cc.Node",
    "_name": "progressBar",
    "_parent": {
      "__id__": 2
    },
    "_children": [
      {
        "__id__": 10
      }
    ],
    "_components": [
      {
        "__type__": "cc.Sprite",
        "node": {
          "__id__": 9
        },
        "_spriteFrame": {
          "__uuid__": "b8eOK3ZblG5pvLXy0anq6H"
        },
        "_sizeMode": 0
      },
      {
        "__id__": 13
      },
      {
        "__type__": "cc.Widget",
        "node": {
          "__id__": 9
        },
        "_alignFlags": 20,
        "_left": 910,
        "_right": 910,
        "_bottom": 240,
        "_originalWidth": 100
      }
    ],
    "_contentSize": {
      "__type__": "cc.Size",
      "width": 1048,
      "height": 30
    },
    "_position": {
      "__type__": "cc.Vec2",
      "y": -345
    }
  },
  {
    "__type__": "cc.Node",
    "_name": "bar",
    "_parent": {
      "__id__": 9
    },
    "_children": [
      {
        "__id__": 11
      }
    ],
    "_components": [
      {
        "__id__": 12
      },
      {
        "__type__": "cc.Widget",
        "node": {
          "__id__": 10
        },
        "_alignFlags": 40,
        "_right": 1048,
        "_originalWidth": 100
      }
    ],
    "_anchorPoint": {
      "__type__": "cc.Vec2",
      "y": 0.5
    },
    "_contentSize": {
      "__type__": "cc.Size",
      "height": 22
    },
    "_position": {
      "__type__": "cc.Vec2",
      "x": -524
    }
  },
  {
    "__type__": "cc.Node",
    "_name": "football",
    "_parent": {
      "__id__": 10
    },
    "_components": [
      {
        "__type__": "cc.Sprite",
        "node": {
          "__id__": 11
        },
        "_spriteFrame": {
          "__uuid__": "b7k80nmn1DIr2jNcdNgg47"
        }
      }
    ],
    "_contentSize": {
      "__type__": "cc.Size",
      "width": 46,
      "height": 46
    },
    "_position": {
      "__type__": "cc.Vec2",
      "y": 2
    }
  },
  {
    "__type__": "cc.Sprite",
    "node": {
      "__id__": 10
    },
    "_spriteFrame": {
      "__uuid__": "bback7VaVOPb1JKYHVi8m5"
    },
    "_type": 1,
    "_sizeMode": 0
  },
  {
    "__type__": "cc.ProgressBar",
    "node": {
      "__id__": 9
    },
    "_N$totalLength": 1048,
    "_N$barSprite": {
      "__id__": 12
    },
    "_N$progress": 0
  },
  {
    "__type__": "cc.Node",
    "_name": "scrollView",
    "_parent": {
      "__id__": 1
    },
    "_children": [
      {
        "__id__": 15
      },
      {
        "__id__": 21
      }
    ],
    "_components": [
      {
        "__id__": 19
      },
      {
        "__type__": "995adXde/RHK5ljGTYxNrMZ",
        "node": {
          "__id__": 14
        }
      }
    ],
    "_id": "94DUHPid1Gr4FqVPLOIC4E",
    "_color": {
      "__type__": "cc.Color",
      "r": 184,
      "g": 184,
      "b": 184
    },
    "_contentSize": {
      "__type__": "cc.Size",
      "width": 1532,
      "height": 700
    },
    "_position": {
      "__type__": "cc.Vec2",
      "x": 2773,
      "y": 629
    }
  },
  {
    "__type__": "cc.Node",
    "_name": "scrollBar",
    "_parent": {
      "__id__": 14
    },
    "_children": [
      {
        "__id__": 16
      }
    ],
    "_components": [
      {
        "__id__": 18
      },
      {
        "__type__": "cc.Widget",
        "node": {
          "__id__": 15
        },
        "_alignFlags": 37,
        "_left": 350.07654921020657,
        "_originalHeight": 237
      },
      {
        "__type__": "cc.Sprite",
        "node": {
          "__id__": 15
        },
        "_spriteFrame": {
          "__uuid__": "5f5dyqtRNNxaFmVzYns6FZ"
        },
        "_type": 1,
        "_sizeMode": 0
      }
    ],
    "_color": {
      "__type__": "cc.Color",
      "r": 238,
      "g": 217,
      "b": 227
    },
    "_anchorPoint": {
      "__type__": "cc.Vec2",
      "x": 1,
      "y": 0.5
    },
    "_contentSize": {
      "__type__": "cc.Size",
      "width": 12,
      "height": 700
    },
    "_position": {
      "__type__": "cc.Vec2",
      "x": 766
    }
  },
  {
    "__type__": "cc.Node",
    "_name": "bar",
    "_parent": {
      "__id__": 15
    },
    "_components": [
      {
        "__id__": 17
      }
    ],
    "_color": {
      "__type__": "cc.Color",
      "r": 236,
      "g": 241,
      "b": 245
    },
    "_anchorPoint": {
      "__type__": "cc.Vec2",
      "x": 1
    },
    "_contentSize": {
      "__type__": "cc.Size",
      "width": 10,
      "height": 30
    },
    "_position": {
      "__type__": "cc.Vec2",
      "x": -1
    }
  },
  {
    "__type__": "cc.Sprite",
    "node": {
      "__id__": 16
    },
    "_spriteFrame": {
      "__uuid__": "5cO7kybDxGj4ipyMYdRYZB"
    },
    "_type": 1,
    "_sizeMode": 0
  },
  {
    "__type__": "cc.Scrollbar",
    "node": {
      "__id__": 15
    },
    "_scrollView": {
      "__id__": 19
    },
    "_N$handle": {
      "__id__": 17
    },
    "_N$direction": 1
  },
  {
    "__type__": "cc.ScrollView",
    "node": {
      "__id__": 14
    },
    "content": {
      "__id__": 20
    },
    "horizontal": false,
    "bounceDuration": 0.36,
    "scrollEvents": [
      {
        "__type__": "cc.ClickEvent",
        "target": {
          "__id__": 14
        },
        "component": "SectionScrollDelegate",
        "handler": "onScroll"
      }
    ],
    "_N$horizontalScrollBar": null,
    "_N$verticalScrollBar": {
      "__id__": 18
    }
  },
  {
    "__type__": "cc.Node",
    "_name": "content",
    "_parent": {
      "__id__": 21
    },
    "_components": [
      {
        "__type__": "cc.Sprite",
        "node": {
          "__id__": 20
        },
        "_enabled": false,
        "_spriteFrame": {
          "__uuid__": "41D7kWhyFGY7q4NDlzkazn"
        },
        "_sizeMode": 0
      },
      {
        "__type__": "cc.Widget",
        "node": {
          "__id__": 20
        },
        "_alignFlags": 41,
        "_left": 60,
        "_right": 60,
        "_originalWidth": 1532
      },
      {
        "__id__": 22
      }
    ],
    "_color": {
      "__type__": "cc.Color",
      "r": 162,
      "g": 165,
      "b": 240
    },
    "_anchorPoint": {
      "__type__": "cc.Vec2",
      "y": 1
    },
    "_contentSize": {
      "__type__": "cc.Size",
      "width": 1532,
      "height": 2000
    },
    "_position": {
      "__type__": "cc.Vec2",
      "x": -766,
      "y": 350
    }
  },
  {
    "__type__": "cc.Node",
    "_name": "view",
    "_parent": {
      "__id__": 14
    },
    "_children": [
      {
        "__id__": 20
      }
    ],
    "_components": [
      {
        "__type__": "cc.Mask",
        "node": {
          "__id__": 21
        }
      },
      {
        "__type__": "cc.Widget",
        "node": {
          "__id__": 21
        },
        "_alignFlags": 45,
        "_left": -60,
        "_right": -60,
        "_originalWidth": 240,
        "_originalHeight": 250
      }
    ],
    "_contentSize": {
      "__type__": "cc.Size",
      "width": 1652,
      "height": 700
    }
  },
  {
    "__type__": "d6223KB3ZtBmL59C01MYMbn",
    "node": {
      "__id__": 20
    },
    "scrollView": {
      "__id__": 19
    }
  },
  {
    "__type__": "cc.Node",
    "_name": "update",
    "_parent": {
      "__id__": 1
    },
    "_components": [
      {
        "__type__": "dcd25zSJ1tDv7uLP1hB2+Rg",
        "node": {
          "__id__": 23
        },
        "manifestUrl": {
          "__uuid__": "5ayaMtZZ9EDK2+lkCIN9xg"
        }
      }
    ],
    "_id": "a1nkDC1JBPoLp8K6fHG1yq"
  },
  {
    "__type__": "cc.Node",
    "_name": "Apploading",
    "_parent": {
      "__id__": 1
    },
    "_components": [
      {
        "__type__": "91c97qyfUZJwZvIHzAtfGMB",
        "node": {
          "__id__": 24
        },
        "progressBar": {
          "__id__": 13
        },
        "football": {
          "__id__": 11
        },
        "oddsList": {
          "__id__": 22
        },
        "bgAudio": {
          "__uuid__": "341kZR4x5K762XDOD40Fnc"
        },
        "btnAudio": {
          "__uuid__": "fd6qErLwhFX5MzMXiZ8DVn"
        },
        "alertOpenAudio": {
          "__uuid__": "beYR/qhx5I9KhoHe57KLEB"
        },
        "menuSelectAudio": {
          "__uuid__": "7ccM59k5RHqZ7Nbkw9bxuL"
        },
        "alertCloseAudio": {
          "__uuid__": "93tfh2P15HhoKsKyAfYI6j"
        },
        "selectedAudio": {
          "__uuid__": "03LzIH//9AIKfVVQSyCYJq"
        }
      }
    ],
    "_id": "808oCi6H1AB55Dwe6k25sm",
    "_position": {
      "__type__": "cc.Vec2",
      "x": 960,
      "y": 600
    }
  }
]