[
  {
    "__type__": "cc.Prefab",
    "_name": "SearchListAlert",
    "data": {
      "__id__": 1
    },
    "asyncLoadAssets": null
  },
  {
    "__type__": "cc.Node",
    "_name": "SearchListAlert",
    "_children": [
      {
        "__id__": 2
      },
      {
        "__id__": 3
      }
    ],
    "_components": [
      {
        "__type__": "cc.BlockInputEvents",
        "node": {
          "__id__": 1
        }
      }
    ],
    "_prefab": {
      "__type__": "cc.PrefabInfo",
      "root": {
        "__id__": 1
      },
      "asset": {
        "__uuid__": "33YtPy0a9Pg6Q7NMog0bxy"
      },
      "fileId": "33p6O1aAFDqaiDnPZuGzQf"
    },
    "_contentSize": {
      "__type__": "cc.Size",
      "width": 1920,
      "height": 1200
    }
  },
  {
    "__type__": "cc.Node",
    "_name": "mask",
    "_parent": {
      "__id__": 1
    },
    "_components": [
      {
        "__type__": "cc.Sprite",
        "node": {
          "__id__": 2
        },
        "_spriteFrame": {
          "__uuid__": "41D7kWhyFGY7q4NDlzkazn"
        },
        "_sizeMode": 0
      }
    ],
    "_prefab": {
      "__type__": "cc.PrefabInfo",
      "root": {
        "__id__": 1
      },
      "asset": {
        "__uuid__": "33YtPy0a9Pg6Q7NMog0bxy"
      },
      "fileId": "1dfSnUCBVMUazHU4XwW+4z"
    },
    "_opacity": 160,
    "_color": {
      "__type__": "cc.Color"
    },
    "_contentSize": {
      "__type__": "cc.Size",
      "width": 1920,
      "height": 1200
    }
  },
  {
    "__type__": "cc.Node",
    "_name": "alertBg",
    "_parent": {
      "__id__": 1
    },
    "_children": [
      {
        "__id__": 4
      },
      {
        "__id__": 6
      },
      {
        "__id__": 10
      },
      {
        "__id__": 14
      },
      {
        "__id__": 15
      }
    ],
    "_components": [
      {
        "__type__": "cc.Sprite",
        "node": {
          "__id__": 3
        },
        "_spriteFrame": {
          "__uuid__": "8550MQLGZBSZM5qS23Lplg"
        }
      },
      {
        "__type__": "cc.Widget",
        "node": {
          "__id__": 3
        }
      },
      {
        "__type__": "cc.BlockInputEvents",
        "node": {
          "__id__": 3
        }
      }
    ],
    "_prefab": {
      "__type__": "cc.PrefabInfo",
      "root": {
        "__id__": 1
      },
      "asset": {
        "__uuid__": "33YtPy0a9Pg6Q7NMog0bxy"
      },
      "fileId": "98zU6+tA1Iob5vFhi+ImLW"
    },
    "_anchorPoint": {
      "__type__": "cc.Vec2",
      "y": 0.5
    },
    "_contentSize": {
      "__type__": "cc.Size",
      "width": 746,
      "height": 1200
    },
    "_position": {
      "__type__": "cc.Vec2",
      "x": 960
    }
  },
  {
    "__type__": "cc.Node",
    "_name": "btnCancel",
    "_parent": {
      "__id__": 3
    },
    "_children": [
      {
        "__id__": 5
      }
    ],
    "_components": [
      {
        "__type__": "cc.Widget",
        "node": {
          "__id__": 4
        },
        "_alignFlags": 9,
        "_left": 4,
        "_top": 4
      },
      {
        "__type__": "cc.Button",
        "node": {
          "__id__": 4
        },
        "_N$target": {
          "__id__": 4
        }
      }
    ],
    "_prefab": {
      "__type__": "cc.PrefabInfo",
      "root": {
        "__id__": 1
      },
      "asset": {
        "__uuid__": "33YtPy0a9Pg6Q7NMog0bxy"
      },
      "fileId": "e1KESo3ENFm7aYpCDB7r2o"
    },
    "_contentSize": {
      "__type__": "cc.Size",
      "width": 88,
      "height": 88
    },
    "_position": {
      "__type__": "cc.Vec2",
      "x": 48,
      "y": 552
    }
  },
  {
    "__type__": "cc.Node",
    "_name": "btn_close",
    "_parent": {
      "__id__": 4
    },
    "_components": [
      {
        "__type__": "cc.Sprite",
        "node": {
          "__id__": 5
        },
        "_spriteFrame": {
          "__uuid__": "a0LWK5dgRJVbcPJcDFHXfD"
        }
      }
    ],
    "_prefab": {
      "__type__": "cc.PrefabInfo",
      "root": {
        "__id__": 1
      },
      "asset": {
        "__uuid__": "33YtPy0a9Pg6Q7NMog0bxy"
      },
      "fileId": "53r3YTvrpDrrH+mwJ2/xto"
    },
    "_contentSize": {
      "__type__": "cc.Size",
      "width": 44,
      "height": 44
    }
  },
  {
    "__type__": "cc.Node",
    "_name": "stateView",
    "_parent": {
      "__id__": 3
    },
    "_children": [
      {
        "__id__": 7
      },
      {
        "__id__": 8
      }
    ],
    "_components": [
      {
        "__type__": "cc.Widget",
        "node": {
          "__id__": 6
        },
        "_alignFlags": 44
      },
      {
        "__type__": "ab3dea7YBZA5ZnS02VLdp35",
        "node": {
          "__id__": 6
        },
        "loading": {
          "__id__": 7
        },
        "emptyView": {
          "__id__": 9
        }
      }
    ],
    "_prefab": {
      "__type__": "cc.PrefabInfo",
      "root": {
        "__id__": 1
      },
      "asset": {
        "__uuid__": "33YtPy0a9Pg6Q7NMog0bxy"
      },
      "fileId": "f5dMemaGJPFJTN8kCNJS50"
    },
    "_contentSize": {
      "__type__": "cc.Size",
      "width": 746,
      "height": 956
    },
    "_position": {
      "__type__": "cc.Vec2",
      "x": 373,
      "y": -122
    }
  },
  {
    "__type__": "cc.Node",
    "_name": "loading",
    "_parent": {
      "__id__": 6
    },
    "_active": false,
    "_components": [
      {
        "__type__": "cc.Sprite",
        "node": {
          "__id__": 7
        },
        "_spriteFrame": {
          "__uuid__": "4e3ChO+w5HxqKYC/aIDJ7K"
        }
      },
      {
        "__type__": "cc.Animation",
        "node": {
          "__id__": 7
        },
        "_defaultClip": {
          "__uuid__": "bc6NkOyghLcbsV4qNWimMh"
        },
        "_clips": [
          {
            "__uuid__": "bc6NkOyghLcbsV4qNWimMh"
          }
        ],
        "playOnLoad": true
      }
    ],
    "_prefab": {
      "__type__": "cc.PrefabInfo",
      "root": {
        "__id__": 1
      },
      "asset": {
        "__uuid__": "33YtPy0a9Pg6Q7NMog0bxy"
      },
      "fileId": "6d5gk32nJH0b39nvj7//Xa"
    },
    "_contentSize": {
      "__type__": "cc.Size",
      "width": 121,
      "height": 122
    }
  },
  {
    "__type__": "cc.Node",
    "_name": "emptyView",
    "_parent": {
      "__id__": 6
    },
    "_active": false,
    "_components": [
      {
        "__id__": 9
      },
      {
        "__type__": "cc.Widget",
        "node": {
          "__id__": 8
        },
        "_alignFlags": 44,
        "_originalWidth": 744
      }
    ],
    "_prefab": {
      "__type__": "cc.PrefabInfo",
      "root": {
        "__id__": 1
      },
      "asset": {
        "__uuid__": "33YtPy0a9Pg6Q7NMog0bxy"
      },
      "fileId": "ffOAPHgVJJ+r75vxUzagNj"
    },
    "_contentSize": {
      "__type__": "cc.Size",
      "width": 746,
      "height": 956
    }
  },
  {
    "__type__": "cc.Sprite",
    "node": {
      "__id__": 8
    },
    "_spriteFrame": {
      "__uuid__": "a8rj/9vQpDGpilf3+09vsm"
    },
    "_sizeMode": 0
  },
  {
    "__type__": "cc.Node",
    "_name": "scrollView",
    "_parent": {
      "__id__": 3
    },
    "_children": [
      {
        "__id__": 11
      }
    ],
    "_components": [
      {
        "__id__": 13
      },
      {
        "__type__": "cc.Widget",
        "node": {
          "__id__": 10
        },
        "_alignFlags": 45,
        "_top": 250,
        "_bottom": 12,
        "_originalWidth": 240,
        "_originalHeight": 250
      }
    ],
    "_prefab": {
      "__type__": "cc.PrefabInfo",
      "root": {
        "__id__": 1
      },
      "asset": {
        "__uuid__": "33YtPy0a9Pg6Q7NMog0bxy"
      },
      "fileId": "a26t26TlRPl4mKWfK92BxO"
    },
    "_color": {
      "__type__": "cc.Color",
      "r": 184,
      "g": 184,
      "b": 184
    },
    "_contentSize": {
      "__type__": "cc.Size",
      "width": 746,
      "height": 938
    },
    "_position": {
      "__type__": "cc.Vec2",
      "x": 373,
      "y": -119
    }
  },
  {
    "__type__": "cc.Node",
    "_name": "view",
    "_parent": {
      "__id__": 10
    },
    "_children": [
      {
        "__id__": 12
      }
    ],
    "_components": [
      {
        "__type__": "cc.Mask",
        "node": {
          "__id__": 11
        }
      },
      {
        "__type__": "cc.Widget",
        "node": {
          "__id__": 11
        },
        "_alignFlags": 45,
        "_originalWidth": 240,
        "_originalHeight": 250
      }
    ],
    "_prefab": {
      "__type__": "cc.PrefabInfo",
      "root": {
        "__id__": 1
      },
      "asset": {
        "__uuid__": "33YtPy0a9Pg6Q7NMog0bxy"
      },
      "fileId": "bfRY/0qGpBfasVvTBP+Mxn"
    },
    "_contentSize": {
      "__type__": "cc.Size",
      "width": 746,
      "height": 938
    }
  },
  {
    "__type__": "cc.Node",
    "_name": "list",
    "_parent": {
      "__id__": 11
    },
    "_components": [
      {
        "__type__": "cc.Widget",
        "node": {
          "__id__": 12
        },
        "_alignFlags": 41,
        "_originalWidth": 200
      },
      {
        "__type__": "4bf27P2iThPeJjnoX29aPXc",
        "node": {
          "__id__": 12
        },
        "itemPrefab": {
          "__uuid__": "b4mVhpHHZBjovdlCb2pxmg"
        },
        "initCount": 12,
        "scrollView": {
          "__id__": 13
        },
        "bufferZone": 469,
        "itemHeight": 100
      }
    ],
    "_prefab": {
      "__type__": "cc.PrefabInfo",
      "root": {
        "__id__": 1
      },
      "asset": {
        "__uuid__": "33YtPy0a9Pg6Q7NMog0bxy"
      },
      "fileId": "4dQBK3JRVLoJMOUj4zwMHZ"
    },
    "_color": {
      "__type__": "cc.Color",
      "r": 167,
      "g": 167,
      "b": 167
    },
    "_anchorPoint": {
      "__type__": "cc.Vec2",
      "x": 0.5,
      "y": 1
    },
    "_contentSize": {
      "__type__": "cc.Size",
      "width": 746,
      "height": 100
    },
    "_position": {
      "__type__": "cc.Vec2",
      "y": 469
    }
  },
  {
    "__type__": "cc.ScrollView",
    "node": {
      "__id__": 10
    },
    "content": {
      "__id__": 12
    },
    "horizontal": false,
    "bounceDuration": 0.23,
    "_N$horizontalScrollBar": null,
    "_N$verticalScrollBar": null
  },
  {
    "__type__": "cc.Node",
    "_name": "searchBox",
    "_parent": {
      "__id__": 3
    },
    "_components": [
      {
        "__type__": "cc.EditBox",
        "node": {
          "__id__": 14
        },
        "_useOriginalSize": false,
        "_N$inputMode": 6,
        "_N$fontSize": 38,
        "_N$lineHeight": 60,
        "_N$placeholder": "请输入需要搜索的文字",
        "_N$placeholderFontSize": 38,
        "_N$maxLength": 8
      },
      {
        "__type__": "cc.Widget",
        "node": {
          "__id__": 14
        },
        "_alignFlags": 41,
        "_left": 32,
        "_right": 200,
        "_top": 102,
        "_originalWidth": 120
      }
    ],
    "_prefab": {
      "__type__": "cc.PrefabInfo",
      "root": {
        "__id__": 1
      },
      "asset": {
        "__uuid__": "33YtPy0a9Pg6Q7NMog0bxy"
      },
      "fileId": "87Tw9cyudGy4WNll5ntyuu"
    },
    "_contentSize": {
      "__type__": "cc.Size",
      "width": 514,
      "height": 90
    },
    "_position": {
      "__type__": "cc.Vec2",
      "x": 289,
      "y": 453
    }
  },
  {
    "__type__": "cc.Node",
    "_name": "searchBtn",
    "_parent": {
      "__id__": 3
    },
    "_components": [
      {
        "__type__": "cc.Sprite",
        "node": {
          "__id__": 15
        },
        "_spriteFrame": {
          "__uuid__": "f1ux9pzC1LKYrOOoY0uE4S"
        }
      },
      {
        "__type__": "cc.Button",
        "node": {
          "__id__": 15
        },
        "transition": 2,
        "_N$normalSprite": {
          "__uuid__": "f1ux9pzC1LKYrOOoY0uE4S"
        },
        "_N$pressedSprite": {
          "__uuid__": "deJY3P0UJKUr6DyLFjr/97"
        },
        "pressedSprite": {
          "__uuid__": "deJY3P0UJKUr6DyLFjr/97"
        },
        "_N$hoverSprite": {
          "__uuid__": "deJY3P0UJKUr6DyLFjr/97"
        },
        "hoverSprite": {
          "__uuid__": "deJY3P0UJKUr6DyLFjr/97"
        },
        "_N$disabledSprite": {
          "__uuid__": "f1ux9pzC1LKYrOOoY0uE4S"
        },
        "_N$target": {
          "__id__": 15
        }
      }
    ],
    "_prefab": {
      "__type__": "cc.PrefabInfo",
      "root": {
        "__id__": 1
      },
      "asset": {
        "__uuid__": "33YtPy0a9Pg6Q7NMog0bxy"
      },
      "fileId": "b5llN6Kz9FH5og8zUOj4ro"
    },
    "_contentSize": {
      "__type__": "cc.Size",
      "width": 162,
      "height": 96
    },
    "_position": {
      "__type__": "cc.Vec2",
      "x": 664,
      "y": 452
    }
  }
]