[
  {
    "__type__": "cc.SceneAsset",
    "_name": "main",
    "scene": {
      "__id__": 1
    },
    "asyncLoadAssets": null
  },
  {
    "__type__": "cc.Scene",
    "_name": "New Node",
    "_children": [
      {
        "__id__": 2
      },
      {
        "__id__": 3
      },
      {
        "__id__": 53
      }
    ],
    "_anchorPoint": {
      "__type__": "cc.Vec2"
    },
    "autoReleaseAssets": false
  },
  {
    "__type__": "cc.Node",
    "_name": "beijing",
    "_parent": {
      "__id__": 1
    },
    "_components": [
      {
        "__type__": "cc.Sprite",
        "node": {
          "__id__": 2
        },
        "_spriteFrame": {
          "__uuid__": "6fY07LUVZLy5DWp4HIAqUH"
        },
        "_sizeMode": 0
      }
    ],
    "_id": "29F0zkN0tJ/b2Q8pspoFBd",
    "_contentSize": {
      "__type__": "cc.Size",
      "width": 1920,
      "height": 1200
    },
    "_position": {
      "__type__": "cc.Vec2",
      "x": 960,
      "y": 600
    }
  },
  {
    "__type__": "cc.Node",
    "_name": "Canvas",
    "_parent": {
      "__id__": 1
    },
    "_children": [
      {
        "__id__": 4
      },
      {
        "__id__": 5
      },
      {
        "__id__": 6
      },
      {
        "__id__": 7
      },
      {
        "__id__": 8
      },
      {
        "__id__": 13
      },
      {
        "__id__": 14
      },
      {
        "__id__": 15
      },
      {
        "__id__": 16
      },
      {
        "__id__": 17
      },
      {
        "__id__": 18
      },
      {
        "__id__": 19
      },
      {
        "__id__": 20
      },
      {
        "__id__": 22
      },
      {
        "__id__": 23
      },
      {
        "__id__": 24
      },
      {
        "__id__": 25
      },
      {
        "__id__": 26
      },
      {
        "__id__": 29
      },
      {
        "__id__": 33
      },
      {
        "__id__": 37
      },
      {
        "__id__": 39
      }
    ],
    "_components": [
      {
        "__type__": "cc.Canvas",
        "node": {
          "__id__": 3
        },
        "_designResolution": {
          "__type__": "cc.Size",
          "width": 1920,
          "height": 1200
        },
        "_fitWidth": true
      }
    ],
    "_id": "634UI5eTtI2qHz5gptEu+D",
    "_contentSize": {
      "__type__": "cc.Size",
      "width": 1920,
      "height": 1200
    },
    "_position": {
      "__type__": "cc.Vec2",
      "x": 960,
      "y": 600
    }
  },
  {
    "__type__": "cc.Node",
    "_name": "back",
    "_parent": {
      "__id__": 3
    },
    "_components": [
      {
        "__type__": "cc.Sprite",
        "node": {
          "__id__": 4
        },
        "_spriteFrame": {
          "__uuid__": "ba4buEp55NSb98kLX3jaeO"
        }
      },
      {
        "__type__": "cc.Button",
        "node": {
          "__id__": 4
        },
        "transition": 3,
        "duration": 0.15,
        "zoomScale": 0.85,
        "_N$enableAutoGrayEffect": true,
        "_N$target": {
          "__id__": 4
        }
      },
      {
        "__type__": "cc.Widget",
        "node": {
          "__id__": 4
        },
        "_alignFlags": 9,
        "_left": 27.600000000000023,
        "_top": 25.80000000000001
      }
    ],
    "_contentSize": {
      "__type__": "cc.Size",
      "width": 84,
      "height": 107
    },
    "_scaleX": 1.2,
    "_scaleY": 1.2,
    "_position": {
      "__type__": "cc.Vec2",
      "x": -882,
      "y": 510.00000000000006
    }
  },
  {
    "__type__": "cc.Node",
    "_name": "help",
    "_parent": {
      "__id__": 3
    },
    "_components": [
      {
        "__type__": "cc.Sprite",
        "node": {
          "__id__": 5
        },
        "_spriteFrame": {
          "__uuid__": "32MZ1yoNBEKoRa68N/SFmC"
        }
      },
      {
        "__type__": "cc.Button",
        "node": {
          "__id__": 5
        },
        "transition": 3,
        "duration": 0.15,
        "zoomScale": 0.85,
        "_N$enableAutoGrayEffect": true,
        "_N$target": {
          "__id__": 5
        }
      },
      {
        "__type__": "cc.Widget",
        "node": {
          "__id__": 5
        },
        "_alignFlags": 9,
        "_left": 172.5,
        "_top": 25.80000000000001
      }
    ],
    "_contentSize": {
      "__type__": "cc.Size",
      "width": 84,
      "height": 107
    },
    "_scaleX": 1.2,
    "_scaleY": 1.2,
    "_position": {
      "__type__": "cc.Vec2",
      "x": -737.1,
      "y": 510.00000000000006
    }
  },
  {
    "__type__": "cc.Node",
    "_name": "touzhu",
    "_parent": {
      "__id__": 3
    },
    "_components": [
      {
        "__type__": "cc.Sprite",
        "node": {
          "__id__": 6
        },
        "_spriteFrame": {
          "__uuid__": "92tbClA0JKeYoGa8Uc2nhx"
        }
      },
      {
        "__type__": "cc.Widget",
        "node": {
          "__id__": 6
        },
        "_alignFlags": 33,
        "_right": 172.60000000000002,
        "_top": 25.80000000000001
      },
      {
        "__type__": "cc.Button",
        "node": {
          "__id__": 6
        },
        "transition": 3,
        "duration": 0.15,
        "zoomScale": 0.85,
        "_N$target": {
          "__id__": 6
        }
      }
    ],
    "_contentSize": {
      "__type__": "cc.Size",
      "width": 84,
      "height": 107
    },
    "_scaleX": 1.2,
    "_scaleY": 1.2,
    "_position": {
      "__type__": "cc.Vec2",
      "x": 737,
      "y": 510.00000000000006
    }
  },
  {
    "__type__": "cc.Node",
    "_name": "zhibo",
    "_parent": {
      "__id__": 3
    },
    "_active": false,
    "_components": [
      {
        "__type__": "cc.Sprite",
        "node": {
          "__id__": 7
        },
        "_spriteFrame": {
          "__uuid__": "f4d86cuOhPv6tiBgBzGUTK"
        }
      },
      {
        "__type__": "cc.Widget",
        "node": {
          "__id__": 7
        },
        "_alignFlags": 33,
        "_right": 248,
        "_top": 16
      },
      {
        "__type__": "cc.Button",
        "node": {
          "__id__": 7
        },
        "transition": 3,
        "duration": 0.15,
        "zoomScale": 0.85,
        "_N$target": {
          "__id__": 7
        }
      }
    ],
    "_contentSize": {
      "__type__": "cc.Size",
      "width": 84,
      "height": 107
    },
    "_position": {
      "__type__": "cc.Vec2",
      "x": 670,
      "y": 530.5
    }
  },
  {
    "__type__": "cc.Node",
    "_name": "audio",
    "_parent": {
      "__id__": 3
    },
    "_children": [
      {
        "__id__": 9
      },
      {
        "__id__": 11
      }
    ],
    "_components": [
      {
        "__type__": "4985coebRVA/LbEm5GnvIv+",
        "node": {
          "__id__": 8
        },
        "enableSprite": {
          "__id__": 12
        },
        "enableDisabled": {
          "__id__": 10
        }
      },
      {
        "__type__": "cc.Button",
        "node": {
          "__id__": 8
        },
        "_N$target": {
          "__id__": 8
        }
      }
    ],
    "_contentSize": {
      "__type__": "cc.Size",
      "width": 84,
      "height": 107
    },
    "_scaleX": 1.2,
    "_scaleY": 1.2,
    "_position": {
      "__type__": "cc.Vec2",
      "x": 593,
      "y": 510
    }
  },
  {
    "__type__": "cc.Node",
    "_name": "audio_disabled",
    "_parent": {
      "__id__": 8
    },
    "_active": false,
    "_components": [
      {
        "__id__": 10
      }
    ],
    "_contentSize": {
      "__type__": "cc.Size",
      "width": 84,
      "height": 107
    }
  },
  {
    "__type__": "cc.Sprite",
    "node": {
      "__id__": 9
    },
    "_spriteFrame": {
      "__uuid__": "eehYiAJLlHpZ4dIevAtH7/"
    }
  },
  {
    "__type__": "cc.Node",
    "_name": "audio_enable",
    "_parent": {
      "__id__": 8
    },
    "_components": [
      {
        "__id__": 12
      }
    ],
    "_contentSize": {
      "__type__": "cc.Size",
      "width": 84,
      "height": 107
    }
  },
  {
    "__type__": "cc.Sprite",
    "node": {
      "__id__": 11
    },
    "_spriteFrame": {
      "__uuid__": "337Y/luPBMmYnpdeJc6Jhp"
    }
  },
  {
    "__type__": "cc.Node",
    "_name": "search",
    "_parent": {
      "__id__": 3
    },
    "_components": [
      {
        "__type__": "cc.Sprite",
        "node": {
          "__id__": 13
        },
        "_spriteFrame": {
          "__uuid__": "6eLJCYtRlOZYeGiw0usHNp"
        }
      },
      {
        "__type__": "cc.Widget",
        "node": {
          "__id__": 13
        },
        "_alignFlags": 33,
        "_right": 27.600000000000023,
        "_top": 25.80000000000001
      },
      {
        "__type__": "cc.Button",
        "node": {
          "__id__": 13
        },
        "transition": 3,
        "duration": 0.15,
        "zoomScale": 0.85,
        "_N$target": {
          "__id__": 13
        }
      }
    ],
    "_contentSize": {
      "__type__": "cc.Size",
      "width": 84,
      "height": 107
    },
    "_scaleX": 1.2,
    "_scaleY": 1.2,
    "_position": {
      "__type__": "cc.Vec2",
      "x": 882,
      "y": 510.00000000000006
    }
  },
  {
    "__type__": "cc.Node",
    "_name": "logo",
    "_parent": {
      "__id__": 3
    },
    "_components": [
      {
        "__type__": "cc.Sprite",
        "node": {
          "__id__": 14
        },
        "_spriteFrame": {
          "__uuid__": "52koLlvK5DKpfAmefGCUNL"
        }
      },
      {
        "__type__": "cc.Widget",
        "node": {
          "__id__": 14
        },
        "_alignFlags": 17,
        "_top": 12
      }
    ],
    "_contentSize": {
      "__type__": "cc.Size",
      "width": 372,
      "height": 134
    },
    "_position": {
      "__type__": "cc.Vec2",
      "y": 521
    }
  },
  {
    "__type__": "cc.Node",
    "_name": "bottom_image",
    "_parent": {
      "__id__": 3
    },
    "_active": false,
    "_components": [
      {
        "__type__": "cc.Sprite",
        "node": {
          "__id__": 15
        },
        "_spriteFrame": {
          "__uuid__": "17NPTJMdpOWIB3Xk4gB3jW"
        }
      },
      {
        "__type__": "cc.Widget",
        "node": {
          "__id__": 15
        },
        "_alignFlags": 36,
        "_right": 32,
        "_bottom": 32
      }
    ],
    "_contentSize": {
      "__type__": "cc.Size",
      "width": 424,
      "height": 222
    },
    "_position": {
      "__type__": "cc.Vec2",
      "x": 716,
      "y": -457
    }
  },
  {
    "__type__": "cc.Node",
    "_name": "arrow_up",
    "_parent": {
      "__id__": 3
    },
    "_active": false,
    "_components": [
      {
        "__type__": "cc.Sprite",
        "node": {
          "__id__": 16
        },
        "_spriteFrame": {
          "__uuid__": "a0tAJG/PdPBJhmqSbJuz/F"
        }
      },
      {
        "__type__": "cc.Button",
        "node": {
          "__id__": 16
        },
        "transition": 1,
        "_N$target": {
          "__id__": 16
        }
      },
      {
        "__type__": "cc.Animation",
        "node": {
          "__id__": 16
        },
        "_defaultClip": {
          "__uuid__": "71LgebMfZBSpHaSjoBelTO"
        },
        "_clips": [
          {
            "__uuid__": "71LgebMfZBSpHaSjoBelTO"
          }
        ],
        "playOnLoad": true
      }
    ],
    "_color": {
      "__type__": "cc.Color",
      "r": 214,
      "g": 214,
      "b": 214
    },
    "_contentSize": {
      "__type__": "cc.Size",
      "width": 80,
      "height": 27
    },
    "_position": {
      "__type__": "cc.Vec2",
      "x": -826,
      "y": 461
    }
  },
  {
    "__type__": "cc.Node",
    "_name": "arrow_down",
    "_parent": {
      "__id__": 3
    },
    "_components": [
      {
        "__type__": "cc.Sprite",
        "node": {
          "__id__": 17
        },
        "_spriteFrame": {
          "__uuid__": "9bOV8LV6NIwJCWhM4xpvjA"
        }
      },
      {
        "__type__": "cc.Widget",
        "node": {
          "__id__": 17
        },
        "_alignFlags": 4,
        "_left": 920,
        "_bottom": 76.5
      },
      {
        "__type__": "cc.Button",
        "node": {
          "__id__": 17
        },
        "transition": 1,
        "_N$target": {
          "__id__": 17
        }
      },
      {
        "__type__": "cc.Animation",
        "node": {
          "__id__": 17
        },
        "_defaultClip": {
          "__uuid__": "71LgebMfZBSpHaSjoBelTO"
        },
        "_clips": [
          {
            "__uuid__": "71LgebMfZBSpHaSjoBelTO"
          }
        ],
        "playOnLoad": true
      }
    ],
    "_color": {
      "__type__": "cc.Color",
      "r": 214,
      "g": 214,
      "b": 214
    },
    "_contentSize": {
      "__type__": "cc.Size",
      "width": 80,
      "height": 27
    },
    "_position": {
      "__type__": "cc.Vec2",
      "x": -820,
      "y": -510
    }
  },
  {
    "__type__": "cc.Node",
    "_name": "zaopan",
    "_parent": {
      "__id__": 3
    },
    "_components": [
      {
        "__type__": "cc.Sprite",
        "node": {
          "__id__": 18
        },
        "_spriteFrame": {
          "__uuid__": "08fHu9EkpDJIMsDhPJJUgn"
        }
      },
      {
        "__type__": "cc.Widget",
        "node": {
          "__id__": 18
        },
        "_alignFlags": 4,
        "_bottom": 24
      },
      {
        "__type__": "cc.Button",
        "node": {
          "__id__": 18
        },
        "transition": 3,
        "_N$target": {
          "__id__": 18
        }
      }
    ],
    "_contentSize": {
      "__type__": "cc.Size",
      "width": 128,
      "height": 161
    },
    "_position": {
      "__type__": "cc.Vec2",
      "x": -120,
      "y": -495.5
    }
  },
  {
    "__type__": "cc.Node",
    "_name": "jinripan",
    "_parent": {
      "__id__": 3
    },
    "_components": [
      {
        "__type__": "cc.Sprite",
        "node": {
          "__id__": 19
        },
        "_spriteFrame": {
          "__uuid__": "ff3aZrQx1Pn6KQGmx4fGpj"
        }
      },
      {
        "__type__": "cc.Widget",
        "node": {
          "__id__": 19
        },
        "_alignFlags": 4,
        "_bottom": 24
      },
      {
        "__type__": "cc.Button",
        "node": {
          "__id__": 19
        },
        "transition": 3,
        "_N$target": {
          "__id__": 19
        }
      }
    ],
    "_contentSize": {
      "__type__": "cc.Size",
      "width": 128,
      "height": 163
    },
    "_position": {
      "__type__": "cc.Vec2",
      "x": 120,
      "y": -494.5
    }
  },
  {
    "__type__": "cc.Node",
    "_name": "gunqiu",
    "_parent": {
      "__id__": 3
    },
    "_components": [
      {
        "__id__": 21
      },
      {
        "__type__": "cc.Widget",
        "node": {
          "__id__": 20
        },
        "_alignFlags": 4,
        "_bottom": 24
      },
      {
        "__type__": "cc.Button",
        "node": {
          "__id__": 20
        },
        "transition": 3,
        "_N$target": {
          "__id__": 20
        }
      }
    ],
    "_contentSize": {
      "__type__": "cc.Size",
      "width": 128,
      "height": 162
    },
    "_position": {
      "__type__": "cc.Vec2",
      "y": -495
    }
  },
  {
    "__type__": "cc.Sprite",
    "node": {
      "__id__": 20
    },
    "_spriteFrame": {
      "__uuid__": "d0L8YEofRFoJJK100pfu/w"
    }
  },
  {
    "__type__": "cc.Node",
    "_name": "game_up",
    "_parent": {
      "__id__": 3
    },
    "_active": false,
    "_components": [
      {
        "__type__": "cc.Sprite",
        "node": {
          "__id__": 22
        },
        "_spriteFrame": {
          "__uuid__": "a0tAJG/PdPBJhmqSbJuz/F"
        }
      },
      {
        "__type__": "cc.Button",
        "node": {
          "__id__": 22
        },
        "transition": 1,
        "_N$target": {
          "__id__": 22
        }
      },
      {
        "__type__": "cc.Animation",
        "node": {
          "__id__": 22
        },
        "_defaultClip": {
          "__uuid__": "71LgebMfZBSpHaSjoBelTO"
        },
        "_clips": [
          {
            "__uuid__": "71LgebMfZBSpHaSjoBelTO"
          }
        ],
        "playOnLoad": true
      }
    ],
    "_color": {
      "__type__": "cc.Color",
      "r": 214,
      "g": 214,
      "b": 214
    },
    "_contentSize": {
      "__type__": "cc.Size",
      "width": 80,
      "height": 27
    },
    "_position": {
      "__type__": "cc.Vec2",
      "x": 134,
      "y": 398
    }
  },
  {
    "__type__": "cc.Node",
    "_name": "game_down",
    "_parent": {
      "__id__": 3
    },
    "_active": false,
    "_components": [
      {
        "__type__": "cc.Sprite",
        "node": {
          "__id__": 23
        },
        "_spriteFrame": {
          "__uuid__": "9bOV8LV6NIwJCWhM4xpvjA"
        }
      },
      {
        "__type__": "cc.Widget",
        "node": {
          "__id__": 23
        },
        "_alignFlags": 4,
        "_left": 920,
        "_bottom": 237.5
      },
      {
        "__type__": "cc.Button",
        "node": {
          "__id__": 23
        },
        "transition": 1,
        "_N$target": {
          "__id__": 23
        }
      },
      {
        "__type__": "cc.Animation",
        "node": {
          "__id__": 23
        },
        "_defaultClip": {
          "__uuid__": "71LgebMfZBSpHaSjoBelTO"
        },
        "_clips": [
          {
            "__uuid__": "71LgebMfZBSpHaSjoBelTO"
          }
        ],
        "playOnLoad": true
      }
    ],
    "_color": {
      "__type__": "cc.Color",
      "r": 214,
      "g": 214,
      "b": 214
    },
    "_contentSize": {
      "__type__": "cc.Size",
      "width": 80,
      "height": 27
    },
    "_position": {
      "__type__": "cc.Vec2",
      "x": 139,
      "y": -349
    }
  },
  {
    "__type__": "cc.Node",
    "_name": "type_up",
    "_parent": {
      "__id__": 3
    },
    "_active": false,
    "_components": [
      {
        "__type__": "cc.Sprite",
        "node": {
          "__id__": 24
        },
        "_spriteFrame": {
          "__uuid__": "a0tAJG/PdPBJhmqSbJuz/F"
        }
      },
      {
        "__type__": "cc.Button",
        "node": {
          "__id__": 24
        },
        "transition": 1,
        "_N$target": {
          "__id__": 24
        }
      },
      {
        "__type__": "cc.Animation",
        "node": {
          "__id__": 24
        },
        "_defaultClip": {
          "__uuid__": "71LgebMfZBSpHaSjoBelTO"
        },
        "_clips": [
          {
            "__uuid__": "71LgebMfZBSpHaSjoBelTO"
          }
        ],
        "playOnLoad": true
      }
    ],
    "_color": {
      "__type__": "cc.Color",
      "r": 214,
      "g": 214,
      "b": 214
    },
    "_contentSize": {
      "__type__": "cc.Size",
      "width": 80,
      "height": 27
    },
    "_position": {
      "__type__": "cc.Vec2",
      "x": 134,
      "y": 398
    }
  },
  {
    "__type__": "cc.Node",
    "_name": "type_down",
    "_parent": {
      "__id__": 3
    },
    "_active": false,
    "_components": [
      {
        "__type__": "cc.Sprite",
        "node": {
          "__id__": 25
        },
        "_spriteFrame": {
          "__uuid__": "9bOV8LV6NIwJCWhM4xpvjA"
        }
      },
      {
        "__type__": "cc.Widget",
        "node": {
          "__id__": 25
        },
        "_alignFlags": 4,
        "_left": 920,
        "_bottom": 237.5
      },
      {
        "__type__": "cc.Button",
        "node": {
          "__id__": 25
        },
        "transition": 1,
        "_N$target": {
          "__id__": 25
        }
      },
      {
        "__type__": "cc.Animation",
        "node": {
          "__id__": 25
        },
        "_defaultClip": {
          "__uuid__": "71LgebMfZBSpHaSjoBelTO"
        },
        "_clips": [
          {
            "__uuid__": "71LgebMfZBSpHaSjoBelTO"
          }
        ],
        "playOnLoad": true
      }
    ],
    "_color": {
      "__type__": "cc.Color",
      "r": 214,
      "g": 214,
      "b": 214
    },
    "_contentSize": {
      "__type__": "cc.Size",
      "width": 80,
      "height": 27
    },
    "_position": {
      "__type__": "cc.Vec2",
      "x": 139,
      "y": -349
    }
  },
  {
    "__type__": "cc.Node",
    "_name": "gold",
    "_parent": {
      "__id__": 3
    },
    "_children": [
      {
        "__id__": 27
      }
    ],
    "_components": [
      {
        "__type__": "cc.Sprite",
        "node": {
          "__id__": 26
        },
        "_spriteFrame": {
          "__uuid__": "baHec1L81LRqTKDBSzwJkj"
        },
        "_type": 1,
        "_sizeMode": 0
      },
      {
        "__type__": "cc.Widget",
        "node": {
          "__id__": 26
        },
        "_alignFlags": 1,
        "_top": 91.30000000000001
      }
    ],
    "_contentSize": {
      "__type__": "cc.Size",
      "width": 200,
      "height": 41
    },
    "_scaleX": 1.4,
    "_scaleY": 1.4,
    "_position": {
      "__type__": "cc.Vec2",
      "x": -531,
      "y": 480
    }
  },
  {
    "__type__": "cc.Node",
    "_name": "number",
    "_parent": {
      "__id__": 26
    },
    "_components": [
      {
        "__id__": 28
      },
      {
        "__type__": "cc.Widget",
        "node": {
          "__id__": 27
        },
        "_alignFlags": 10,
        "_left": 64
      }
    ],
    "_anchorPoint": {
      "__type__": "cc.Vec2",
      "y": 0.5
    },
    "_contentSize": {
      "__type__": "cc.Size",
      "width": 138,
      "height": 42.11
    },
    "_position": {
      "__type__": "cc.Vec2",
      "x": -36
    }
  },
  {
    "__type__": "cc.Label",
    "node": {
      "__id__": 27
    },
    "_useOriginalSize": false,
    "_actualFontSize": 24,
    "_fontSize": 24,
    "_lineHeight": 24,
    "_N$string": "",
    "_N$verticalAlign": 1,
    "_N$overflow": 1
  },
  {
    "__type__": "cc.Node",
    "_name": "notice_bg",
    "_parent": {
      "__id__": 3
    },
    "_children": [
      {
        "__id__": 30
      }
    ],
    "_components": [
      {
        "__type__": "cc.Sprite",
        "node": {
          "__id__": 29
        },
        "_spriteFrame": {
          "__uuid__": "f3nq5Hfk9BG4EZs+0WtAbp"
        }
      },
      {
        "__type__": "cc.Widget",
        "node": {
          "__id__": 29
        },
        "_alignFlags": 20,
        "_bottom": 201
      },
      {
        "__type__": "53b81Dw0yJDgqbtYAkoJ1t1",
        "node": {
          "__id__": 29
        },
        "label": {
          "__id__": 32
        }
      }
    ],
    "_contentSize": {
      "__type__": "cc.Size",
      "width": 810,
      "height": 33
    },
    "_position": {
      "__type__": "cc.Vec2",
      "y": -382.5
    }
  },
  {
    "__type__": "cc.Node",
    "_name": "mask",
    "_parent": {
      "__id__": 29
    },
    "_children": [
      {
        "__id__": 31
      }
    ],
    "_components": [
      {
        "__type__": "cc.Widget",
        "node": {
          "__id__": 30
        },
        "_alignFlags": 40,
        "_left": 100,
        "_right": 10
      },
      {
        "__type__": "cc.Mask",
        "node": {
          "__id__": 30
        }
      }
    ],
    "_contentSize": {
      "__type__": "cc.Size",
      "width": 700,
      "height": 33
    },
    "_position": {
      "__type__": "cc.Vec2",
      "x": 45
    }
  },
  {
    "__type__": "cc.Node",
    "_name": "label",
    "_parent": {
      "__id__": 30
    },
    "_components": [
      {
        "__id__": 32
      }
    ],
    "_anchorPoint": {
      "__type__": "cc.Vec2",
      "y": 0.5
    },
    "_contentSize": {
      "__type__": "cc.Size",
      "width": 240,
      "height": 33
    },
    "_position": {
      "__type__": "cc.Vec2",
      "x": 350
    }
  },
  {
    "__type__": "cc.Label",
    "node": {
      "__id__": 31
    },
    "_useOriginalSize": false,
    "_actualFontSize": 24,
    "_fontSize": 24,
    "_lineHeight": 33,
    "_N$string": "这是一条跑马灯跑马灯",
    "_N$horizontalAlign": 1,
    "_N$verticalAlign": 1
  },
  {
    "__type__": "cc.Node",
    "_name": "menuScroll",
    "_parent": {
      "__id__": 3
    },
    "_children": [
      {
        "__id__": 34
      }
    ],
    "_components": [
      {
        "__type__": "cc.Sprite",
        "node": {
          "__id__": 33
        },
        "_type": 1,
        "_sizeMode": 0
      },
      {
        "__type__": "cc.Widget",
        "node": {
          "__id__": 33
        },
        "_alignFlags": 8,
        "_bottom": 83
      },
      {
        "__type__": "cc.ScrollView",
        "node": {
          "__id__": 33
        },
        "content": {
          "__id__": 35
        },
        "horizontal": false,
        "scrollEvents": [
          {
            "__type__": "cc.ClickEvent",
            "target": {
              "__id__": 33
            },
            "component": "MenuScrollDelegate",
            "handler": "onScroll"
          }
        ]
      },
      {
        "__type__": "1f533KppxFPuJwkzinCbNJn",
        "node": {
          "__id__": 33
        },
        "arrowUp": {
          "__id__": 16
        },
        "arrowDown": {
          "__id__": 17
        }
      }
    ],
    "_color": {
      "__type__": "cc.Color",
      "r": 184,
      "g": 184,
      "b": 184
    },
    "_contentSize": {
      "__type__": "cc.Size",
      "width": 268,
      "height": 855
    },
    "_position": {
      "__type__": "cc.Vec2",
      "x": -826,
      "y": -42
    }
  },
  {
    "__type__": "cc.Node",
    "_name": "view",
    "_parent": {
      "__id__": 33
    },
    "_children": [
      {
        "__id__": 35
      }
    ],
    "_components": [
      {
        "__type__": "cc.Mask",
        "node": {
          "__id__": 34
        }
      },
      {
        "__type__": "cc.Widget",
        "node": {
          "__id__": 34
        },
        "_alignFlags": 1
      }
    ],
    "_contentSize": {
      "__type__": "cc.Size",
      "width": 268,
      "height": 855
    }
  },
  {
    "__type__": "cc.Node",
    "_name": "menus",
    "_parent": {
      "__id__": 34
    },
    "_components": [
      {
        "__type__": "cc.Widget",
        "node": {
          "__id__": 35
        },
        "_alignFlags": 1
      },
      {
        "__id__": 36
      }
    ],
    "_color": {
      "__type__": "cc.Color",
      "r": 167,
      "g": 167,
      "b": 167
    },
    "_anchorPoint": {
      "__type__": "cc.Vec2",
      "x": 0.5,
      "y": 1
    },
    "_contentSize": {
      "__type__": "cc.Size",
      "width": 268,
      "height": 95
    },
    "_position": {
      "__type__": "cc.Vec2",
      "y": 427.5
    }
  },
  {
    "__type__": "cc.Layout",
    "node": {
      "__id__": 35
    },
    "_resize": 1,
    "_N$layoutType": 2
  },
  {
    "__type__": "cc.Node",
    "_name": "gameTypes",
    "_parent": {
      "__id__": 3
    },
    "_components": [
      {
        "__id__": 38
      },
      {
        "__type__": "cc.Widget",
        "node": {
          "__id__": 37
        },
        "_alignFlags": 9,
        "_left": -268,
        "_top": 213
      }
    ],
    "_color": {
      "__type__": "cc.Color",
      "r": 167,
      "g": 167,
      "b": 167
    },
    "_anchorPoint": {
      "__type__": "cc.Vec2",
      "x": 0.5,
      "y": 1
    },
    "_contentSize": {
      "__type__": "cc.Size",
      "width": 268,
      "height": 95
    },
    "_position": {
      "__type__": "cc.Vec2",
      "x": -1094,
      "y": 387
    }
  },
  {
    "__type__": "cc.Layout",
    "node": {
      "__id__": 37
    },
    "_layoutSize": {
      "__type__": "cc.Size",
      "width": 268,
      "height": 95
    },
    "_resize": 1,
    "_N$layoutType": 2
  },
  {
    "__type__": "cc.Node",
    "_name": "page",
    "_parent": {
      "__id__": 3
    },
    "_children": [
      {
        "__id__": 40
      },
      {
        "__id__": 45
      }
    ],
    "_components": [
      {
        "__type__": "cc.Widget",
        "node": {
          "__id__": 39
        },
        "_alignFlags": 45,
        "_left": 268,
        "_top": 230,
        "_bottom": 270
      },
      {
        "__type__": "cc.Mask",
        "node": {
          "__id__": 39
        }
      }
    ],
    "_contentSize": {
      "__type__": "cc.Size",
      "width": 1652,
      "height": 700
    },
    "_position": {
      "__type__": "cc.Vec2",
      "x": 134,
      "y": 20
    }
  },
  {
    "__type__": "cc.Node",
    "_name": "pageView",
    "_parent": {
      "__id__": 39
    },
    "_children": [
      {
        "__id__": 41
      }
    ],
    "_components": [
      {
        "__type__": "cc.Widget",
        "node": {
          "__id__": 40
        },
        "_alignFlags": 45,
        "_left": 60,
        "_right": 60,
        "_originalWidth": 500,
        "_originalHeight": 450
      },
      {
        "__id__": 44
      },
      {
        "__type__": "cc.ScrollView",
        "node": {
          "__id__": 40
        },
        "_enabled": false,
        "content": {
          "__id__": 42
        },
        "horizontal": false
      }
    ],
    "_contentSize": {
      "__type__": "cc.Size",
      "width": 1532,
      "height": 700
    }
  },
  {
    "__type__": "cc.Node",
    "_name": "view",
    "_parent": {
      "__id__": 40
    },
    "_children": [
      {
        "__id__": 42
      }
    ],
    "_components": [
      {
        "__type__": "cc.Mask",
        "node": {
          "__id__": 41
        }
      },
      {
        "__type__": "cc.Widget",
        "node": {
          "__id__": 41
        },
        "_alignFlags": 45,
        "_originalWidth": 500,
        "_originalHeight": 450
      }
    ],
    "_contentSize": {
      "__type__": "cc.Size",
      "width": 1532,
      "height": 700
    }
  },
  {
    "__type__": "cc.Node",
    "_name": "content",
    "_parent": {
      "__id__": 41
    },
    "_components": [
      {
        "__type__": "cc.Widget",
        "node": {
          "__id__": 42
        },
        "_alignFlags": 41,
        "_originalWidth": 1500
      },
      {
        "__id__": 43
      }
    ],
    "_anchorPoint": {
      "__type__": "cc.Vec2",
      "y": 1
    },
    "_contentSize": {
      "__type__": "cc.Size",
      "width": 1532,
      "height": 700
    },
    "_position": {
      "__type__": "cc.Vec2",
      "x": -766,
      "y": 350
    }
  },
  {
    "__type__": "4bf27P2iThPeJjnoX29aPXc",
    "node": {
      "__id__": 42
    },
    "itemPrefab": {
      "__uuid__": "20Mu/97xhNPYOM+EiS+F8W"
    },
    "initCount": 12,
    "scrollView": {
      "__id__": 44
    },
    "bufferZone": 350,
    "itemHeight": 140,
    "viewType": 1,
    "layoutType": 0,
    "itemWidth": 720,
    "spaceX": 92,
    "column": 2,
    "offsetStart": 70
  },
  {
    "__type__": "b13273LI0ZJ6ZA39QgAzzts",
    "node": {
      "__id__": 40
    },
    "content": {
      "__id__": 42
    },
    "horizontal": false,
    "pageSizeHeight": 700,
    "enableLoopAfter": true
  },
  {
    "__type__": "cc.Node",
    "_name": "scrollView",
    "_parent": {
      "__id__": 39
    },
    "_children": [
      {
        "__id__": 46
      },
      {
        "__id__": 52
      }
    ],
    "_active": false,
    "_components": [
      {
        "__id__": 50
      },
      {
        "__type__": "995adXde/RHK5ljGTYxNrMZ",
        "node": {
          "__id__": 45
        }
      },
      {
        "__type__": "cc.Widget",
        "node": {
          "__id__": 45
        },
        "_alignFlags": 5,
        "_originalHeight": 640
      }
    ],
    "_color": {
      "__type__": "cc.Color",
      "r": 184,
      "g": 184,
      "b": 184
    },
    "_contentSize": {
      "__type__": "cc.Size",
      "width": 1532,
      "height": 700
    },
    "_position": {
      "__type__": "cc.Vec2",
      "x": 1592
    }
  },
  {
    "__type__": "cc.Node",
    "_name": "scrollBar",
    "_parent": {
      "__id__": 45
    },
    "_children": [
      {
        "__id__": 47
      }
    ],
    "_components": [
      {
        "__id__": 49
      },
      {
        "__type__": "cc.Widget",
        "node": {
          "__id__": 46
        },
        "_alignFlags": 37,
        "_left": 350.07654921020657,
        "_originalHeight": 237
      },
      {
        "__type__": "cc.Sprite",
        "node": {
          "__id__": 46
        },
        "_spriteFrame": {
          "__uuid__": "5f5dyqtRNNxaFmVzYns6FZ"
        },
        "_type": 1,
        "_sizeMode": 0
      }
    ],
    "_color": {
      "__type__": "cc.Color",
      "r": 238,
      "g": 217,
      "b": 227
    },
    "_anchorPoint": {
      "__type__": "cc.Vec2",
      "x": 1,
      "y": 0.5
    },
    "_contentSize": {
      "__type__": "cc.Size",
      "width": 12,
      "height": 700
    },
    "_position": {
      "__type__": "cc.Vec2",
      "x": 766
    }
  },
  {
    "__type__": "cc.Node",
    "_name": "bar",
    "_parent": {
      "__id__": 46
    },
    "_components": [
      {
        "__id__": 48
      }
    ],
    "_color": {
      "__type__": "cc.Color",
      "r": 236,
      "g": 241,
      "b": 245
    },
    "_anchorPoint": {
      "__type__": "cc.Vec2",
      "x": 1
    },
    "_contentSize": {
      "__type__": "cc.Size",
      "width": 10,
      "height": 30
    },
    "_position": {
      "__type__": "cc.Vec2",
      "x": -1
    }
  },
  {
    "__type__": "cc.Sprite",
    "node": {
      "__id__": 47
    },
    "_spriteFrame": {
      "__uuid__": "5cO7kybDxGj4ipyMYdRYZB"
    },
    "_type": 1,
    "_sizeMode": 0
  },
  {
    "__type__": "cc.Scrollbar",
    "node": {
      "__id__": 46
    },
    "_scrollView": {
      "__id__": 50
    },
    "_N$handle": {
      "__id__": 48
    },
    "_N$direction": 1
  },
  {
    "__type__": "cc.ScrollView",
    "node": {
      "__id__": 45
    },
    "content": {
      "__id__": 51
    },
    "horizontal": false,
    "bounceDuration": 0.36,
    "scrollEvents": [
      {
        "__type__": "cc.ClickEvent",
        "target": {
          "__id__": 45
        },
        "component": "SectionScrollDelegate",
        "handler": "onScroll"
      }
    ],
    "_N$horizontalScrollBar": null,
    "_N$verticalScrollBar": {
      "__id__": 49
    }
  },
  {
    "__type__": "cc.Node",
    "_name": "content",
    "_parent": {
      "__id__": 52
    },
    "_components": [
      {
        "__type__": "cc.Sprite",
        "node": {
          "__id__": 51
        },
        "_enabled": false,
        "_spriteFrame": {
          "__uuid__": "41D7kWhyFGY7q4NDlzkazn"
        },
        "_sizeMode": 0
      },
      {
        "__type__": "cc.Widget",
        "node": {
          "__id__": 51
        },
        "_alignFlags": 1
      }
    ],
    "_color": {
      "__type__": "cc.Color",
      "r": 162,
      "g": 165,
      "b": 240
    },
    "_anchorPoint": {
      "__type__": "cc.Vec2",
      "x": 0.5,
      "y": 1
    },
    "_contentSize": {
      "__type__": "cc.Size",
      "width": 1532,
      "height": 2000
    }
  },
  {
    "__type__": "cc.Node",
    "_name": "view",
    "_parent": {
      "__id__": 45
    },
    "_children": [
      {
        "__id__": 51
      }
    ],
    "_components": [
      {
        "__type__": "cc.Mask",
        "node": {
          "__id__": 52
        }
      },
      {
        "__type__": "cc.Widget",
        "node": {
          "__id__": 52
        },
        "_alignFlags": 45,
        "_left": -60,
        "_right": -60,
        "_originalWidth": 240,
        "_originalHeight": 250
      }
    ],
    "_anchorPoint": {
      "__type__": "cc.Vec2",
      "x": 0.5,
      "y": 1
    },
    "_contentSize": {
      "__type__": "cc.Size",
      "width": 1652,
      "height": 700
    },
    "_position": {
      "__type__": "cc.Vec2",
      "y": 350
    }
  },
  {
    "__type__": "cc.Node",
    "_name": "AppGame",
    "_parent": {
      "__id__": 1
    },
    "_components": [
      {
        "__type__": "96749CL/61AXYzXlYxw2KEn",
        "node": {
          "__id__": 53
        },
        "gunqiu": {
          "__id__": 21
        },
        "gold": {
          "__id__": 28
        },
        "menuList": {
          "__id__": 36
        },
        "typesList": {
          "__id__": 38
        },
        "gameList": {
          "__id__": 43
        },
        "pageView": {
          "__id__": 39
        },
        "typeContainer": {
          "__id__": 51
        },
        "appCanvas": {
          "__id__": 3
        }
      }
    ],
    "_id": "4eycDHlzFJqq23j/FsRiTA",
    "_position": {
      "__type__": "cc.Vec2",
      "x": 960,
      "y": 105
    }
  }
]