[
  {
    "__type__": "cc.Prefab",
    "_name": "sectionTitle",
    "data": {
      "__id__": 1
    },
    "asyncLoadAssets": null
  },
  {
    "__type__": "cc.Node",
    "_name": "sectionTitle",
    "_children": [
      {
        "__id__": 2
      }
    ],
    "_prefab": {
      "__type__": "cc.PrefabInfo",
      "root": {
        "__id__": 1
      },
      "asset": {
        "__uuid__": "e9YAmfg11NG5azfocA1xmQ"
      },
      "fileId": "a2CGobEO1PspRD93oy0NVv"
    },
    "_anchorPoint": {
      "__type__": "cc.Vec2",
      "y": 0.5
    },
    "_contentSize": {
      "__type__": "cc.Size",
      "width": 1532,
      "height": 60
    }
  },
  {
    "__type__": "cc.Node",
    "_name": "tag",
    "_parent": {
      "__id__": 1
    },
    "_children": [
      {
        "__id__": 3
      },
      {
        "__id__": 4
      }
    ],
    "_components": [
      {
        "__type__": "cc.Sprite",
        "node": {
          "__id__": 2
        },
        "_spriteFrame": {
          "__uuid__": "e0Of4IAyFPi6swVtae/3fc"
        },
        "_type": 1,
        "_sizeMode": 0,
        "_fillType": 2,
        "_fillCenter": {
          "__type__": "cc.Vec2",
          "x": 0.3,
          "y": 0.3
        },
        "_fillStart": 0.2,
        "_fillRange": 0.3
      },
      {
        "__type__": "cc.Widget",
        "node": {
          "__id__": 2
        },
        "_alignFlags": 9,
        "_left": -60
      }
    ],
    "_prefab": {
      "__type__": "cc.PrefabInfo",
      "root": {
        "__id__": 1
      },
      "asset": {
        "__uuid__": "e9YAmfg11NG5azfocA1xmQ"
      },
      "fileId": "f2IniBVxlHeKhfMOB6FWEw"
    },
    "_contentSize": {
      "__type__": "cc.Size",
      "width": 500,
      "height": 60
    },
    "_position": {
      "__type__": "cc.Vec2",
      "x": 190
    }
  },
  {
    "__type__": "cc.Node",
    "_name": "title",
    "_parent": {
      "__id__": 2
    },
    "_components": [
      {
        "__type__": "cc.Label",
        "node": {
          "__id__": 3
        },
        "_useOriginalSize": false,
        "_actualFontSize": 50,
        "_fontSize": 50,
        "_N$file": {
          "__uuid__": "72Bv8an3JEaL419E7MEA7d"
        },
        "_isSystemFontUsed": false,
        "_N$string": "让 球",
        "_N$verticalAlign": 1
      },
      {
        "__type__": "cc.Widget",
        "node": {
          "__id__": 3
        },
        "_alignFlags": 10,
        "_left": 140.055,
        "_right": 32,
        "_originalWidth": 58.95
      }
    ],
    "_prefab": {
      "__type__": "cc.PrefabInfo",
      "root": {
        "__id__": 1
      },
      "asset": {
        "__uuid__": "e9YAmfg11NG5azfocA1xmQ"
      },
      "fileId": "a5nGJyw05BjZtDV/vkYLp2"
    },
    "_anchorPoint": {
      "__type__": "cc.Vec2",
      "y": 0.5
    },
    "_contentSize": {
      "__type__": "cc.Size",
      "width": 82.89,
      "height": 52.63
    },
    "_scaleX": 1.2,
    "_scaleY": 1.2,
    "_position": {
      "__type__": "cc.Vec2",
      "x": -109.945
    }
  },
  {
    "__type__": "cc.Node",
    "_name": "icon",
    "_parent": {
      "__id__": 2
    },
    "_components": [
      {
        "__type__": "cc.Sprite",
        "node": {
          "__id__": 4
        },
        "_spriteFrame": {
          "__uuid__": "3aVUru4kxGTavsWReizaUB"
        }
      },
      {
        "__type__": "cc.Widget",
        "node": {
          "__id__": 4
        },
        "_alignFlags": 8,
        "_left": 60
      }
    ],
    "_prefab": {
      "__type__": "cc.PrefabInfo",
      "root": {
        "__id__": 1
      },
      "asset": {
        "__uuid__": "e9YAmfg11NG5azfocA1xmQ"
      },
      "fileId": "7abUX9EadN26E+Spt4Q1QW"
    },
    "_contentSize": {
      "__type__": "cc.Size",
      "width": 75,
      "height": 75
    },
    "_position": {
      "__type__": "cc.Vec2",
      "x": -152.5
    }
  }
]