[
  {
    "__type__": "cc.SpriteFrame",
    "content": {
      "name": "zaopan",
      "texture": "117c15e1d",
      "rect": [
        562,
        816,
        128,
        161
      ],
      "offset": [
        0,
        0
      ],
      "originalSize": [
        128,
        161
      ]
    }
  },
  {
    "__type__": "cc.SpriteFrame",
    "content": {
      "name": "bottom_image",
      "texture": "117c15e1d",
      "rect": [
        2,
        656,
        424,
        222
      ],
      "offset": [
        0,
        0
      ],
      "originalSize": [
        424,
        222
      ]
    }
  },
  {
    "__type__": "cc.SpriteFrame",
    "content": {
      "name": "tab_1_normal",
      "texture": "117c15e1d",
      "rect": [
        806,
        656,
        125,
        31
      ],
      "offset": [
        0.5,
        -0.5
      ],
      "originalSize": [
        414,
        60
      ]
    }
  },
  {
    "__type__": "cc.SpriteFrame",
    "content": {
      "name": "audio_enable",
      "texture": "117c15e1d",
      "rect": [
        806,
        691,
        84,
        107
      ],
      "offset": [
        0,
        0
      ],
      "originalSize": [
        84,
        107
      ]
    }
  },
  {
    "__type__": "cc.SpriteFrame",
    "content": {
      "name": "logo",
      "texture": "117c15e1d",
      "rect": [
        430,
        656,
        372,
        134
      ],
      "offset": [
        0,
        0
      ],
      "originalSize": [
        372,
        134
      ]
    }
  },
  {
    "__type__": "cc.SpriteFrame",
    "content": {
      "name": "alert",
      "texture": "117c15e1d",
      "rect": [
        2,
        2,
        930,
        650
      ],
      "offset": [
        0,
        0
      ],
      "originalSize": [
        930,
        650
      ],
      "capInsets": [
        453,
        293,
        466,
        327
      ]
    }
  },
  {
    "__type__": "cc.SpriteFrame",
    "content": {
      "name": "tab_2_normal",
      "texture": "117c15e1d",
      "rect": [
        973,
        658,
        123,
        30
      ],
      "offset": [
        0.5,
        0
      ],
      "originalSize": [
        414,
        60
      ],
      "rotated": 1
    }
  },
  {
    "__type__": "cc.SpriteFrame",
    "content": {
      "name": "help_arrow_down",
      "texture": "117c15e1d",
      "rect": [
        692,
        981,
        96,
        33
      ],
      "offset": [
        0,
        0
      ],
      "originalSize": [
        96,
        33
      ]
    }
  },
  {
    "__type__": "cc.SpriteFrame",
    "content": {
      "name": "arrow_down",
      "texture": "117c15e1d",
      "rect": [
        792,
        980,
        80,
        27
      ],
      "offset": [
        0,
        0
      ],
      "originalSize": [
        80,
        27
      ]
    }
  },
  {
    "__type__": "cc.SpriteFrame",
    "content": {
      "name": "btn_close",
      "texture": "117c15e1d",
      "rect": [
        168,
        977,
        44,
        44
      ],
      "offset": [
        0,
        0
      ],
      "originalSize": [
        44,
        44
      ]
    }
  },
  {
    "__type__": "cc.SpriteFrame",
    "content": {
      "name": "arrow_up",
      "texture": "117c15e1d",
      "rect": [
        894,
        691,
        80,
        27
      ],
      "offset": [
        0,
        0
      ],
      "originalSize": [
        80,
        27
      ],
      "rotated": 1
    }
  },
  {
    "__type__": "cc.SpriteFrame",
    "content": {
      "name": "glod",
      "texture": "117c15e1d",
      "rect": [
        168,
        882,
        224,
        41
      ],
      "offset": [
        0,
        0
      ],
      "originalSize": [
        224,
        41
      ],
      "capInsets": [
        97,
        14,
        77,
        14
      ]
    }
  },
  {
    "__type__": "cc.SpriteFrame",
    "content": {
      "name": "gunqiu",
      "texture": "117c15e1d",
      "rect": [
        2,
        882,
        128,
        162
      ],
      "offset": [
        0,
        0
      ],
      "originalSize": [
        128,
        162
      ],
      "rotated": 1
    }
  },
  {
    "__type__": "cc.SpriteFrame",
    "content": {
      "name": "audio_disabled",
      "texture": "117c15e1d",
      "rect": [
        694,
        816,
        84,
        107
      ],
      "offset": [
        0,
        0
      ],
      "originalSize": [
        84,
        107
      ]
    }
  },
  {
    "__type__": "cc.SpriteFrame",
    "content": {
      "name": "notice_bg",
      "texture": "117c15e1d",
      "rect": [
        936,
        2,
        810,
        33
      ],
      "offset": [
        0,
        0
      ],
      "originalSize": [
        810,
        33
      ],
      "rotated": 1
    }
  },
  {
    "__type__": "cc.SpriteFrame",
    "content": {
      "name": "btn_ok",
      "texture": "117c15e1d",
      "rect": [
        782,
        816,
        218,
        60
      ],
      "offset": [
        0,
        0
      ],
      "originalSize": [
        218,
        60
      ]
    }
  },
  {
    "__type__": "cc.SpriteFrame",
    "content": {
      "name": "jinripan",
      "texture": "117c15e1d",
      "rect": [
        430,
        816,
        128,
        163
      ],
      "offset": [
        0,
        0
      ],
      "originalSize": [
        128,
        163
      ]
    }
  }
]