[
  {
    "__type__": "cc.SpriteFrame",
    "content": {
      "name": "tips_alert",
      "texture": "14aa26c3e",
      "rect": [
        2,
        2,
        930,
        392
      ],
      "offset": [
        0,
        0
      ],
      "originalSize": [
        930,
        392
      ]
    }
  },
  {
    "__type__": "cc.SpriteFrame",
    "content": {
      "name": "select_bg",
      "texture": "14aa26c3e",
      "rect": [
        2,
        398,
        444,
        400
      ],
      "offset": [
        0,
        0
      ],
      "originalSize": [
        444,
        400
      ],
      "capInsets": [
        212,
        197,
        221,
        200
      ]
    }
  }
]