[
  {
    "__type__": "cc.Prefab",
    "_name": "select",
    "data": {
      "__id__": 1
    },
    "asyncLoadAssets": null
  },
  {
    "__type__": "cc.Node",
    "_name": "select",
    "_children": [
      {
        "__id__": 2
      },
      {
        "__id__": 4
      },
      {
        "__id__": 6
      },
      {
        "__id__": 8
      }
    ],
    "_components": [
      {
        "__type__": "cc.Layout",
        "node": {
          "__id__": 1
        },
        "_layoutSize": {
          "__type__": "cc.Size",
          "width": 340,
          "height": 152
        },
        "_resize": 1,
        "_N$layoutType": 2
      },
      null
    ],
    "_prefab": {
      "__type__": "cc.PrefabInfo",
      "root": {
        "__id__": 1
      },
      "asset": {
        "__uuid__": "53GHCWJSZL/bGgP9JaWwhi"
      },
      "fileId": "0bfDeqw9FBI6CasAawp70y"
    },
    "_anchorPoint": {
      "__type__": "cc.Vec2",
      "x": 0.5
    },
    "_contentSize": {
      "__type__": "cc.Size",
      "width": 340,
      "height": 152
    }
  },
  {
    "__type__": "cc.Node",
    "_name": "select_item",
    "_parent": {
      "__id__": 1
    },
    "_children": [
      {
        "__id__": 3
      }
    ],
    "_components": [
      {
        "__type__": "cc.Sprite",
        "node": {
          "__id__": 2
        },
        "_spriteFrame": {
          "__uuid__": "47+QI2gT1OvL+JPmup7kOi"
        }
      },
      {
        "__type__": "cc.Button",
        "node": {
          "__id__": 2
        },
        "transition": 2,
        "_N$normalSprite": {
          "__uuid__": "47+QI2gT1OvL+JPmup7kOi"
        },
        "_N$pressedSprite": {
          "__uuid__": "40HDUvwmRL6qErDlCSTtHI"
        },
        "pressedSprite": {
          "__uuid__": "40HDUvwmRL6qErDlCSTtHI"
        },
        "_N$hoverSprite": {
          "__uuid__": "40HDUvwmRL6qErDlCSTtHI"
        },
        "hoverSprite": {
          "__uuid__": "40HDUvwmRL6qErDlCSTtHI"
        },
        "_N$disabledSprite": {
          "__uuid__": "47+QI2gT1OvL+JPmup7kOi"
        },
        "_N$target": {
          "__id__": 2
        }
      }
    ],
    "_prefab": {
      "__type__": "cc.PrefabInfo",
      "root": {
        "__id__": 1
      },
      "asset": {
        "__uuid__": "53GHCWJSZL/bGgP9JaWwhi"
      },
      "fileId": "3a2bdzKZVLwZzSN1/YTOV/"
    },
    "_contentSize": {
      "__type__": "cc.Size",
      "width": 340,
      "height": 38
    },
    "_position": {
      "__type__": "cc.Vec2",
      "y": 133
    }
  },
  {
    "__type__": "cc.Node",
    "_name": "number",
    "_parent": {
      "__id__": 2
    },
    "_components": [
      {
        "__type__": "cc.Label",
        "node": {
          "__id__": 3
        },
        "_useOriginalSize": false,
        "_actualFontSize": 24,
        "_fontSize": 24,
        "_lineHeight": 32,
        "_N$string": "5000",
        "_N$horizontalAlign": 1,
        "_N$verticalAlign": 1,
        "_N$fontFamily": "黑体"
      },
      {
        "__type__": "cc.Widget",
        "node": {
          "__id__": 3
        },
        "_alignFlags": 18
      }
    ],
    "_prefab": {
      "__type__": "cc.PrefabInfo",
      "root": {
        "__id__": 1
      },
      "asset": {
        "__uuid__": "53GHCWJSZL/bGgP9JaWwhi"
      },
      "fileId": "bfAptUBxxPb7P80cjwzzgY"
    },
    "_color": {
      "__type__": "cc.Color",
      "r": 92,
      "g": 122,
      "b": 184
    },
    "_contentSize": {
      "__type__": "cc.Size",
      "width": 48,
      "height": 32
    }
  },
  {
    "__type__": "cc.Node",
    "_name": "select_item",
    "_parent": {
      "__id__": 1
    },
    "_children": [
      {
        "__id__": 5
      }
    ],
    "_components": [
      {
        "__type__": "cc.Sprite",
        "node": {
          "__id__": 4
        },
        "_spriteFrame": {
          "__uuid__": "47+QI2gT1OvL+JPmup7kOi"
        }
      },
      {
        "__type__": "cc.Button",
        "node": {
          "__id__": 4
        },
        "transition": 2,
        "_N$normalSprite": {
          "__uuid__": "47+QI2gT1OvL+JPmup7kOi"
        },
        "_N$pressedSprite": {
          "__uuid__": "40HDUvwmRL6qErDlCSTtHI"
        },
        "pressedSprite": {
          "__uuid__": "40HDUvwmRL6qErDlCSTtHI"
        },
        "_N$hoverSprite": {
          "__uuid__": "40HDUvwmRL6qErDlCSTtHI"
        },
        "hoverSprite": {
          "__uuid__": "40HDUvwmRL6qErDlCSTtHI"
        },
        "_N$disabledSprite": {
          "__uuid__": "47+QI2gT1OvL+JPmup7kOi"
        },
        "_N$target": {
          "__id__": 4
        }
      }
    ],
    "_prefab": {
      "__type__": "cc.PrefabInfo",
      "root": {
        "__id__": 1
      },
      "asset": {
        "__uuid__": "53GHCWJSZL/bGgP9JaWwhi"
      },
      "fileId": "247+6hqlZFubKDL6D1hTgd"
    },
    "_contentSize": {
      "__type__": "cc.Size",
      "width": 340,
      "height": 38
    },
    "_position": {
      "__type__": "cc.Vec2",
      "y": 95
    }
  },
  {
    "__type__": "cc.Node",
    "_name": "number",
    "_parent": {
      "__id__": 4
    },
    "_components": [
      {
        "__type__": "cc.Label",
        "node": {
          "__id__": 5
        },
        "_useOriginalSize": false,
        "_actualFontSize": 24,
        "_fontSize": 24,
        "_lineHeight": 32,
        "_N$string": "1000",
        "_N$horizontalAlign": 1,
        "_N$verticalAlign": 1,
        "_N$fontFamily": "黑体"
      },
      {
        "__type__": "cc.Widget",
        "node": {
          "__id__": 5
        },
        "_alignFlags": 18
      }
    ],
    "_prefab": {
      "__type__": "cc.PrefabInfo",
      "root": {
        "__id__": 1
      },
      "asset": {
        "__uuid__": "53GHCWJSZL/bGgP9JaWwhi"
      },
      "fileId": "07O5Tz+ftOJpjNWiJv9ZkZ"
    },
    "_color": {
      "__type__": "cc.Color",
      "r": 92,
      "g": 122,
      "b": 184
    },
    "_contentSize": {
      "__type__": "cc.Size",
      "width": 48,
      "height": 32
    }
  },
  {
    "__type__": "cc.Node",
    "_name": "select_item",
    "_parent": {
      "__id__": 1
    },
    "_children": [
      {
        "__id__": 7
      }
    ],
    "_components": [
      {
        "__type__": "cc.Sprite",
        "node": {
          "__id__": 6
        },
        "_spriteFrame": {
          "__uuid__": "47+QI2gT1OvL+JPmup7kOi"
        }
      },
      {
        "__type__": "cc.Button",
        "node": {
          "__id__": 6
        },
        "transition": 2,
        "_N$normalSprite": {
          "__uuid__": "47+QI2gT1OvL+JPmup7kOi"
        },
        "_N$pressedSprite": {
          "__uuid__": "40HDUvwmRL6qErDlCSTtHI"
        },
        "pressedSprite": {
          "__uuid__": "40HDUvwmRL6qErDlCSTtHI"
        },
        "_N$hoverSprite": {
          "__uuid__": "40HDUvwmRL6qErDlCSTtHI"
        },
        "hoverSprite": {
          "__uuid__": "40HDUvwmRL6qErDlCSTtHI"
        },
        "_N$disabledSprite": {
          "__uuid__": "47+QI2gT1OvL+JPmup7kOi"
        },
        "_N$target": {
          "__id__": 6
        }
      }
    ],
    "_prefab": {
      "__type__": "cc.PrefabInfo",
      "root": {
        "__id__": 1
      },
      "asset": {
        "__uuid__": "53GHCWJSZL/bGgP9JaWwhi"
      },
      "fileId": "71iEdEG2BI6ZbQSOGAwWyH"
    },
    "_contentSize": {
      "__type__": "cc.Size",
      "width": 340,
      "height": 38
    },
    "_position": {
      "__type__": "cc.Vec2",
      "y": 57
    }
  },
  {
    "__type__": "cc.Node",
    "_name": "number",
    "_parent": {
      "__id__": 6
    },
    "_components": [
      {
        "__type__": "cc.Label",
        "node": {
          "__id__": 7
        },
        "_useOriginalSize": false,
        "_actualFontSize": 24,
        "_fontSize": 24,
        "_lineHeight": 32,
        "_N$string": "500",
        "_N$horizontalAlign": 1,
        "_N$verticalAlign": 1,
        "_N$fontFamily": "黑体"
      },
      {
        "__type__": "cc.Widget",
        "node": {
          "__id__": 7
        },
        "_alignFlags": 18
      }
    ],
    "_prefab": {
      "__type__": "cc.PrefabInfo",
      "root": {
        "__id__": 1
      },
      "asset": {
        "__uuid__": "53GHCWJSZL/bGgP9JaWwhi"
      },
      "fileId": "5aLc2hdkNIS5/+BK5Y+uE/"
    },
    "_color": {
      "__type__": "cc.Color",
      "r": 92,
      "g": 122,
      "b": 184
    },
    "_contentSize": {
      "__type__": "cc.Size",
      "width": 36,
      "height": 32
    }
  },
  {
    "__type__": "cc.Node",
    "_name": "select_item",
    "_parent": {
      "__id__": 1
    },
    "_children": [
      {
        "__id__": 9
      }
    ],
    "_components": [
      {
        "__type__": "cc.Sprite",
        "node": {
          "__id__": 8
        },
        "_spriteFrame": {
          "__uuid__": "47+QI2gT1OvL+JPmup7kOi"
        }
      },
      {
        "__type__": "cc.Button",
        "node": {
          "__id__": 8
        },
        "transition": 2,
        "_N$normalSprite": {
          "__uuid__": "47+QI2gT1OvL+JPmup7kOi"
        },
        "_N$pressedSprite": {
          "__uuid__": "40HDUvwmRL6qErDlCSTtHI"
        },
        "pressedSprite": {
          "__uuid__": "40HDUvwmRL6qErDlCSTtHI"
        },
        "_N$hoverSprite": {
          "__uuid__": "40HDUvwmRL6qErDlCSTtHI"
        },
        "hoverSprite": {
          "__uuid__": "40HDUvwmRL6qErDlCSTtHI"
        },
        "_N$disabledSprite": {
          "__uuid__": "47+QI2gT1OvL+JPmup7kOi"
        },
        "_N$target": {
          "__id__": 8
        }
      }
    ],
    "_prefab": {
      "__type__": "cc.PrefabInfo",
      "root": {
        "__id__": 1
      },
      "asset": {
        "__uuid__": "53GHCWJSZL/bGgP9JaWwhi"
      },
      "fileId": "d0IJ8j8hhAnIHLhu4DwIEa"
    },
    "_contentSize": {
      "__type__": "cc.Size",
      "width": 340,
      "height": 38
    },
    "_position": {
      "__type__": "cc.Vec2",
      "y": 19
    }
  },
  {
    "__type__": "cc.Node",
    "_name": "number",
    "_parent": {
      "__id__": 8
    },
    "_components": [
      {
        "__type__": "cc.Label",
        "node": {
          "__id__": 9
        },
        "_useOriginalSize": false,
        "_actualFontSize": 24,
        "_fontSize": 24,
        "_lineHeight": 32,
        "_N$string": "100",
        "_N$horizontalAlign": 1,
        "_N$verticalAlign": 1,
        "_N$fontFamily": "黑体"
      },
      {
        "__type__": "cc.Widget",
        "node": {
          "__id__": 9
        },
        "_alignFlags": 18
      }
    ],
    "_prefab": {
      "__type__": "cc.PrefabInfo",
      "root": {
        "__id__": 1
      },
      "asset": {
        "__uuid__": "53GHCWJSZL/bGgP9JaWwhi"
      },
      "fileId": "85h3p/Sm9EsJjFEhGy9GvU"
    },
    "_color": {
      "__type__": "cc.Color",
      "r": 92,
      "g": 122,
      "b": 184
    },
    "_contentSize": {
      "__type__": "cc.Size",
      "width": 36,
      "height": 32
    }
  }
]