[
  {
    "__type__": "cc.Prefab",
    "_name": "sectionItem",
    "data": {
      "__id__": 1
    },
    "asyncLoadAssets": null
  },
  {
    "__type__": "cc.Node",
    "_name": "sectionItem",
    "_children": [
      {
        "__id__": 2
      },
      {
        "__id__": 8
      }
    ],
    "_components": [
      {
        "__type__": "4add1qqP/RBCri0dEh70REq",
        "node": {
          "__id__": 1
        },
        "container": {
          "__id__": 8
        },
        "sectionHeader": {
          "__id__": 7
        },
        "sectionTitle": {
          "__id__": 4
        },
        "icon": {
          "__id__": 6
        },
        "spaceX": 30,
        "spaceY": 30
      },
      {
        "__type__": "cc.Sprite",
        "node": {
          "__id__": 1
        },
        "_enabled": false,
        "_spriteFrame": {
          "__uuid__": "41D7kWhyFGY7q4NDlzkazn"
        },
        "_sizeMode": 0
      }
    ],
    "_prefab": {
      "__type__": "cc.PrefabInfo",
      "root": {
        "__id__": 1
      },
      "asset": {
        "__uuid__": "25J/NWCelOuJrAcILsL7xL"
      },
      "fileId": "196gTJd1ZF/5a5O+Mxd3Za"
    },
    "_color": {
      "__type__": "cc.Color",
      "r": 231,
      "g": 97,
      "b": 97
    },
    "_anchorPoint": {
      "__type__": "cc.Vec2",
      "x": 0.5,
      "y": 1
    },
    "_contentSize": {
      "__type__": "cc.Size",
      "width": 1532,
      "height": 240
    }
  },
  {
    "__type__": "cc.Node",
    "_name": "tag",
    "_parent": {
      "__id__": 1
    },
    "_children": [
      {
        "__id__": 3
      },
      {
        "__id__": 5
      }
    ],
    "_components": [
      {
        "__id__": 7
      },
      {
        "__type__": "cc.Widget",
        "node": {
          "__id__": 2
        },
        "_alignFlags": 9,
        "_left": -60
      }
    ],
    "_prefab": {
      "__type__": "cc.PrefabInfo",
      "root": {
        "__id__": 1
      },
      "asset": {
        "__uuid__": "25J/NWCelOuJrAcILsL7xL"
      },
      "fileId": "08/O7MHQVGd5y0QTK9/gTA"
    },
    "_contentSize": {
      "__type__": "cc.Size",
      "width": 500,
      "height": 60
    },
    "_position": {
      "__type__": "cc.Vec2",
      "x": -576,
      "y": -30
    }
  },
  {
    "__type__": "cc.Node",
    "_name": "title",
    "_parent": {
      "__id__": 2
    },
    "_components": [
      {
        "__id__": 4
      },
      {
        "__type__": "cc.Widget",
        "node": {
          "__id__": 3
        },
        "_alignFlags": 10,
        "_left": 140.055,
        "_right": 32,
        "_originalWidth": 58.95
      }
    ],
    "_prefab": {
      "__type__": "cc.PrefabInfo",
      "root": {
        "__id__": 1
      },
      "asset": {
        "__uuid__": "25J/NWCelOuJrAcILsL7xL"
      },
      "fileId": "79NqXkhVRMML2uWG4I8vPE"
    },
    "_anchorPoint": {
      "__type__": "cc.Vec2",
      "y": 0.5
    },
    "_contentSize": {
      "__type__": "cc.Size",
      "width": 82.89,
      "height": 52.63
    },
    "_scaleX": 1.2,
    "_scaleY": 1.2,
    "_position": {
      "__type__": "cc.Vec2",
      "x": -109.945
    }
  },
  {
    "__type__": "cc.Label",
    "node": {
      "__id__": 3
    },
    "_useOriginalSize": false,
    "_actualFontSize": 50,
    "_fontSize": 50,
    "_N$file": {
      "__uuid__": "72Bv8an3JEaL419E7MEA7d"
    },
    "_isSystemFontUsed": false,
    "_N$string": "让 球",
    "_N$verticalAlign": 1
  },
  {
    "__type__": "cc.Node",
    "_name": "icon",
    "_parent": {
      "__id__": 2
    },
    "_components": [
      {
        "__id__": 6
      },
      {
        "__type__": "cc.Widget",
        "node": {
          "__id__": 5
        },
        "_alignFlags": 8,
        "_left": 60
      }
    ],
    "_prefab": {
      "__type__": "cc.PrefabInfo",
      "root": {
        "__id__": 1
      },
      "asset": {
        "__uuid__": "25J/NWCelOuJrAcILsL7xL"
      },
      "fileId": "b2SUeCUaFPy4KoDKxxrN4V"
    },
    "_contentSize": {
      "__type__": "cc.Size",
      "width": 75,
      "height": 75
    },
    "_position": {
      "__type__": "cc.Vec2",
      "x": -152.5
    }
  },
  {
    "__type__": "cc.Sprite",
    "node": {
      "__id__": 5
    },
    "_spriteFrame": {
      "__uuid__": "3aVUru4kxGTavsWReizaUB"
    }
  },
  {
    "__type__": "cc.Sprite",
    "node": {
      "__id__": 2
    },
    "_spriteFrame": {
      "__uuid__": "e0Of4IAyFPi6swVtae/3fc"
    },
    "_type": 1,
    "_sizeMode": 0,
    "_fillType": 2,
    "_fillCenter": {
      "__type__": "cc.Vec2",
      "x": 0.3,
      "y": 0.3
    },
    "_fillStart": 0.2,
    "_fillRange": 0.3
  },
  {
    "__type__": "cc.Node",
    "_name": "container",
    "_parent": {
      "__id__": 1
    },
    "_components": [
      {
        "__type__": "cc.Widget",
        "node": {
          "__id__": 8
        },
        "_alignFlags": 41,
        "_top": 80,
        "_originalWidth": 200
      }
    ],
    "_prefab": {
      "__type__": "cc.PrefabInfo",
      "root": {
        "__id__": 1
      },
      "asset": {
        "__uuid__": "25J/NWCelOuJrAcILsL7xL"
      },
      "fileId": "3c1zWvtvZHUYSt43caXcBz"
    },
    "_color": {
      "__type__": "cc.Color",
      "r": 167,
      "g": 167,
      "b": 167
    },
    "_anchorPoint": {
      "__type__": "cc.Vec2",
      "y": 1
    },
    "_contentSize": {
      "__type__": "cc.Size",
      "width": 1532,
      "height": 378
    },
    "_position": {
      "__type__": "cc.Vec2",
      "x": -766,
      "y": -80
    }
  }
]