[
  {
    "__type__": "cc.Prefab",
    "_name": "HelpAlert",
    "data": {
      "__id__": 1
    },
    "asyncLoadAssets": null
  },
  {
    "__type__": "cc.Node",
    "_name": "HelpAlert",
    "_children": [
      {
        "__id__": 2
      },
      {
        "__id__": 3
      }
    ],
    "_components": [
      {
        "__type__": "cc.BlockInputEvents",
        "node": {
          "__id__": 1
        }
      }
    ],
    "_prefab": {
      "__type__": "cc.PrefabInfo",
      "root": {
        "__id__": 1
      },
      "asset": {
        "__uuid__": "8eSBoP/gZEU6gX7l4f40qp"
      },
      "fileId": "33p6O1aAFDqaiDnPZuGzQf"
    },
    "_color": {
      "__type__": "cc.Color"
    },
    "_contentSize": {
      "__type__": "cc.Size",
      "width": 1920,
      "height": 1200
    }
  },
  {
    "__type__": "cc.Node",
    "_name": "mask",
    "_parent": {
      "__id__": 1
    },
    "_components": [
      {
        "__type__": "cc.BlockInputEvents",
        "node": {
          "__id__": 2
        }
      },
      {
        "__type__": "cc.Sprite",
        "node": {
          "__id__": 2
        },
        "_spriteFrame": {
          "__uuid__": "41D7kWhyFGY7q4NDlzkazn"
        },
        "_sizeMode": 0
      }
    ],
    "_prefab": {
      "__type__": "cc.PrefabInfo",
      "root": {
        "__id__": 1
      },
      "asset": {
        "__uuid__": "8eSBoP/gZEU6gX7l4f40qp"
      },
      "fileId": "1dfSnUCBVMUazHU4XwW+4z"
    },
    "_opacity": 160,
    "_color": {
      "__type__": "cc.Color"
    },
    "_contentSize": {
      "__type__": "cc.Size",
      "width": 1920,
      "height": 1200
    }
  },
  {
    "__type__": "cc.Node",
    "_name": "alertBg",
    "_parent": {
      "__id__": 1
    },
    "_children": [
      {
        "__id__": 4
      },
      {
        "__id__": 15
      },
      {
        "__id__": 17
      },
      {
        "__id__": 18
      }
    ],
    "_components": [
      {
        "__type__": "cc.Sprite",
        "node": {
          "__id__": 3
        },
        "_spriteFrame": {
          "__uuid__": "ad7IWTNo1GE7VAEVt9d5t1"
        }
      },
      {
        "__type__": "cc.BlockInputEvents",
        "node": {
          "__id__": 3
        }
      }
    ],
    "_prefab": {
      "__type__": "cc.PrefabInfo",
      "root": {
        "__id__": 1
      },
      "asset": {
        "__uuid__": "8eSBoP/gZEU6gX7l4f40qp"
      },
      "fileId": "98zU6+tA1Iob5vFhi+ImLW"
    },
    "_anchorPoint": {
      "__type__": "cc.Vec2",
      "y": 0.5
    },
    "_contentSize": {
      "__type__": "cc.Size",
      "width": 835,
      "height": 1200
    },
    "_position": {
      "__type__": "cc.Vec2",
      "x": 960
    }
  },
  {
    "__type__": "cc.Node",
    "_name": "tabs",
    "_parent": {
      "__id__": 3
    },
    "_children": [
      {
        "__id__": 5
      },
      {
        "__id__": 10
      }
    ],
    "_components": [
      {
        "__type__": "cc.Widget",
        "node": {
          "__id__": 4
        },
        "_alignFlags": 41,
        "_top": 100,
        "_originalWidth": 828
      },
      {
        "__type__": "9c1e53ebQxIganUdRGWTVtY",
        "node": {
          "__id__": 4
        }
      }
    ],
    "_prefab": {
      "__type__": "cc.PrefabInfo",
      "root": {
        "__id__": 1
      },
      "asset": {
        "__uuid__": "8eSBoP/gZEU6gX7l4f40qp"
      },
      "fileId": "24F6zOxBtPk5dumtfGl8e8"
    },
    "_contentSize": {
      "__type__": "cc.Size",
      "width": 835,
      "height": 60
    },
    "_position": {
      "__type__": "cc.Vec2",
      "x": 417.5,
      "y": 470
    }
  },
  {
    "__type__": "cc.Node",
    "_name": "tab1",
    "_parent": {
      "__id__": 4
    },
    "_children": [
      {
        "__id__": 6
      },
      {
        "__id__": 8
      }
    ],
    "_components": [
      {
        "__type__": "cc.Widget",
        "node": {
          "__id__": 5
        },
        "_alignFlags": 13,
        "_right": 626.25
      },
      {
        "__type__": "416b2Q9ZMtJF4UoazHPpQX2",
        "node": {
          "__id__": 5
        },
        "tabSelected": {
          "__id__": 9
        },
        "tabNormal": {
          "__id__": 7
        }
      },
      {
        "__type__": "cc.Button",
        "node": {
          "__id__": 5
        },
        "_N$target": {
          "__id__": 5
        }
      }
    ],
    "_prefab": {
      "__type__": "cc.PrefabInfo",
      "root": {
        "__id__": 1
      },
      "asset": {
        "__uuid__": "8eSBoP/gZEU6gX7l4f40qp"
      },
      "fileId": "15zVHYdadBWaePXA1MsOe9"
    },
    "_contentSize": {
      "__type__": "cc.Size",
      "width": 417,
      "height": 60
    },
    "_position": {
      "__type__": "cc.Vec2",
      "x": -209
    }
  },
  {
    "__type__": "cc.Node",
    "_name": "tab_normal",
    "_parent": {
      "__id__": 5
    },
    "_components": [
      {
        "__id__": 7
      }
    ],
    "_prefab": {
      "__type__": "cc.PrefabInfo",
      "root": {
        "__id__": 1
      },
      "asset": {
        "__uuid__": "8eSBoP/gZEU6gX7l4f40qp"
      },
      "fileId": "f2YXdLe8NNdKdOflg2rf4D"
    },
    "_contentSize": {
      "__type__": "cc.Size",
      "width": 125,
      "height": 31
    }
  },
  {
    "__type__": "cc.Sprite",
    "node": {
      "__id__": 6
    },
    "_spriteFrame": {
      "__uuid__": "1az0UO/CBCq6wuHch3BAKO"
    }
  },
  {
    "__type__": "cc.Node",
    "_name": "tab_selected",
    "_parent": {
      "__id__": 5
    },
    "_active": false,
    "_components": [
      {
        "__id__": 9
      }
    ],
    "_prefab": {
      "__type__": "cc.PrefabInfo",
      "root": {
        "__id__": 1
      },
      "asset": {
        "__uuid__": "8eSBoP/gZEU6gX7l4f40qp"
      },
      "fileId": "13gVIBgaVCnod//CWrh8HN"
    },
    "_contentSize": {
      "__type__": "cc.Size",
      "width": 414,
      "height": 60
    }
  },
  {
    "__type__": "cc.Sprite",
    "node": {
      "__id__": 8
    },
    "_spriteFrame": {
      "__uuid__": "efn/lnGrVE+pkJLhoiSzxn"
    }
  },
  {
    "__type__": "cc.Node",
    "_name": "tab2",
    "_parent": {
      "__id__": 4
    },
    "_children": [
      {
        "__id__": 11
      },
      {
        "__id__": 13
      }
    ],
    "_components": [
      {
        "__type__": "cc.Widget",
        "node": {
          "__id__": 10
        },
        "_alignFlags": 37,
        "_left": -417.25
      },
      {
        "__type__": "416b2Q9ZMtJF4UoazHPpQX2",
        "node": {
          "__id__": 10
        },
        "tabSelected": {
          "__id__": 14
        },
        "tabNormal": {
          "__id__": 12
        }
      },
      {
        "__type__": "cc.Button",
        "node": {
          "__id__": 10
        },
        "_N$target": {
          "__id__": 10
        }
      }
    ],
    "_prefab": {
      "__type__": "cc.PrefabInfo",
      "root": {
        "__id__": 1
      },
      "asset": {
        "__uuid__": "8eSBoP/gZEU6gX7l4f40qp"
      },
      "fileId": "3cWrQ3hrNH+ZM8MQwh7SUc"
    },
    "_contentSize": {
      "__type__": "cc.Size",
      "width": 417,
      "height": 60
    },
    "_position": {
      "__type__": "cc.Vec2",
      "x": 209
    }
  },
  {
    "__type__": "cc.Node",
    "_name": "tab_normal",
    "_parent": {
      "__id__": 10
    },
    "_components": [
      {
        "__id__": 12
      }
    ],
    "_prefab": {
      "__type__": "cc.PrefabInfo",
      "root": {
        "__id__": 1
      },
      "asset": {
        "__uuid__": "8eSBoP/gZEU6gX7l4f40qp"
      },
      "fileId": "12QOt/B+FBa6YP95/rXbDW"
    },
    "_contentSize": {
      "__type__": "cc.Size",
      "width": 123,
      "height": 30
    }
  },
  {
    "__type__": "cc.Sprite",
    "node": {
      "__id__": 11
    },
    "_spriteFrame": {
      "__uuid__": "5dukvSy2NJmYSUA6/HzXb5"
    }
  },
  {
    "__type__": "cc.Node",
    "_name": "tab_selected",
    "_parent": {
      "__id__": 10
    },
    "_active": false,
    "_components": [
      {
        "__id__": 14
      }
    ],
    "_prefab": {
      "__type__": "cc.PrefabInfo",
      "root": {
        "__id__": 1
      },
      "asset": {
        "__uuid__": "8eSBoP/gZEU6gX7l4f40qp"
      },
      "fileId": "ddoWcPCahKKZYeGUi67R9t"
    },
    "_contentSize": {
      "__type__": "cc.Size",
      "width": 414,
      "height": 60
    }
  },
  {
    "__type__": "cc.Sprite",
    "node": {
      "__id__": 13
    },
    "_spriteFrame": {
      "__uuid__": "1cO2QMZ35AopQ+Bgq6oM96"
    }
  },
  {
    "__type__": "cc.Node",
    "_name": "btnCancel",
    "_parent": {
      "__id__": 3
    },
    "_children": [
      {
        "__id__": 16
      }
    ],
    "_components": [
      {
        "__type__": "cc.Widget",
        "node": {
          "__id__": 15
        },
        "_alignFlags": 9,
        "_left": -22,
        "_top": 4
      },
      {
        "__type__": "cc.Button",
        "node": {
          "__id__": 15
        },
        "_N$target": {
          "__id__": 15
        }
      }
    ],
    "_prefab": {
      "__type__": "cc.PrefabInfo",
      "root": {
        "__id__": 1
      },
      "asset": {
        "__uuid__": "8eSBoP/gZEU6gX7l4f40qp"
      },
      "fileId": "e1KESo3ENFm7aYpCDB7r2o"
    },
    "_contentSize": {
      "__type__": "cc.Size",
      "width": 140,
      "height": 88
    },
    "_position": {
      "__type__": "cc.Vec2",
      "x": 48,
      "y": 552
    }
  },
  {
    "__type__": "cc.Node",
    "_name": "btn_close",
    "_parent": {
      "__id__": 15
    },
    "_components": [
      {
        "__type__": "cc.Sprite",
        "node": {
          "__id__": 16
        },
        "_spriteFrame": {
          "__uuid__": "a0LWK5dgRJVbcPJcDFHXfD"
        }
      }
    ],
    "_prefab": {
      "__type__": "cc.PrefabInfo",
      "root": {
        "__id__": 1
      },
      "asset": {
        "__uuid__": "8eSBoP/gZEU6gX7l4f40qp"
      },
      "fileId": "53r3YTvrpDrrH+mwJ2/xto"
    },
    "_contentSize": {
      "__type__": "cc.Size",
      "width": 44,
      "height": 44
    }
  },
  {
    "__type__": "cc.Node",
    "_name": "help_arrow_down",
    "_parent": {
      "__id__": 3
    },
    "_components": [
      {
        "__type__": "cc.Sprite",
        "node": {
          "__id__": 17
        },
        "_spriteFrame": {
          "__uuid__": "9aO80CV8dKtLKSn/Rc+iBM"
        }
      },
      {
        "__type__": "cc.Widget",
        "node": {
          "__id__": 17
        },
        "_alignFlags": 20,
        "_bottom": 32
      }
    ],
    "_prefab": {
      "__type__": "cc.PrefabInfo",
      "root": {
        "__id__": 1
      },
      "asset": {
        "__uuid__": "8eSBoP/gZEU6gX7l4f40qp"
      },
      "fileId": "03Y3JKCK1HVbPnuEiTeqXD"
    },
    "_contentSize": {
      "__type__": "cc.Size",
      "width": 96,
      "height": 33
    },
    "_position": {
      "__type__": "cc.Vec2",
      "x": 417.5,
      "y": -551.5
    }
  },
  {
    "__type__": "cc.Node",
    "_name": "tabContent",
    "_parent": {
      "__id__": 3
    },
    "_children": [
      {
        "__id__": 19
      },
      {
        "__id__": 31
      }
    ],
    "_components": [
      {
        "__type__": "cc.Widget",
        "node": {
          "__id__": 18
        },
        "_alignFlags": 45,
        "_top": 164,
        "_bottom": 100
      },
      {
        "__type__": "6be93YVsOpLnpBPgjyfCk5N",
        "node": {
          "__id__": 18
        },
        "tab1": {
          "__id__": 19
        },
        "tab2": {
          "__id__": 31
        },
        "label1": {
          "__id__": 30
        },
        "label2": {
          "__id__": 42
        }
      }
    ],
    "_prefab": {
      "__type__": "cc.PrefabInfo",
      "root": {
        "__id__": 1
      },
      "asset": {
        "__uuid__": "8eSBoP/gZEU6gX7l4f40qp"
      },
      "fileId": "99hfUSdGxPEKXwow7DHPQ/"
    },
    "_contentSize": {
      "__type__": "cc.Size",
      "width": 835,
      "height": 936
    },
    "_position": {
      "__type__": "cc.Vec2",
      "x": 417.5,
      "y": -32
    }
  },
  {
    "__type__": "cc.Node",
    "_name": "tab1",
    "_parent": {
      "__id__": 18
    },
    "_children": [
      {
        "__id__": 20
      },
      {
        "__id__": 21
      }
    ],
    "_components": [
      {
        "__type__": "cc.Sprite",
        "node": {
          "__id__": 19
        },
        "_type": 1,
        "_sizeMode": 0
      },
      {
        "__type__": "cc.Layout",
        "node": {
          "__id__": 19
        },
        "_layoutSize": {
          "__type__": "cc.Size",
          "width": 835,
          "height": 936
        },
        "_N$layoutType": 2
      },
      {
        "__type__": "cc.Widget",
        "node": {
          "__id__": 19
        },
        "_alignFlags": 45,
        "_originalWidth": 200,
        "_originalHeight": 150
      }
    ],
    "_prefab": {
      "__type__": "cc.PrefabInfo",
      "root": {
        "__id__": 1
      },
      "asset": {
        "__uuid__": "8eSBoP/gZEU6gX7l4f40qp"
      },
      "fileId": "eb/k7Rti5Lu6T7lrqcneuS"
    },
    "_color": {
      "__type__": "cc.Color",
      "r": 167,
      "g": 167,
      "b": 167
    },
    "_contentSize": {
      "__type__": "cc.Size",
      "width": 835,
      "height": 936
    }
  },
  {
    "__type__": "cc.Node",
    "_name": "tips",
    "_parent": {
      "__id__": 19
    },
    "_components": [
      {
        "__type__": "cc.Layout",
        "node": {
          "__id__": 20
        },
        "_layoutSize": {
          "__type__": "cc.Size",
          "width": 835,
          "height": 140
        },
        "_resize": 1,
        "_N$layoutType": 3,
        "_N$paddingLeft": 38,
        "_N$paddingTop": 12,
        "_N$paddingBottom": 12,
        "_N$spacingX": 38,
        "_N$spacingY": 24
      },
      {
        "__type__": "cc.Widget",
        "node": {
          "__id__": 20
        },
        "_alignFlags": 41,
        "_originalWidth": 200
      },
      {
        "__type__": "9c1e53ebQxIganUdRGWTVtY",
        "node": {
          "__id__": 20
        }
      }
    ],
    "_prefab": {
      "__type__": "cc.PrefabInfo",
      "root": {
        "__id__": 1
      },
      "asset": {
        "__uuid__": "8eSBoP/gZEU6gX7l4f40qp"
      },
      "fileId": "1ccSTINzxPQ6hMyCr0lNen"
    },
    "_color": {
      "__type__": "cc.Color",
      "r": 167,
      "g": 167,
      "b": 167
    },
    "_contentSize": {
      "__type__": "cc.Size",
      "width": 835,
      "height": 140
    },
    "_position": {
      "__type__": "cc.Vec2",
      "y": 398
    }
  },
  {
    "__type__": "cc.Node",
    "_name": "scroll",
    "_parent": {
      "__id__": 19
    },
    "_children": [
      {
        "__id__": 22
      },
      {
        "__id__": 29
      }
    ],
    "_components": [
      {
        "__id__": 26
      },
      {
        "__type__": "cc.Widget",
        "node": {
          "__id__": 21
        },
        "_alignFlags": 45,
        "_top": 140,
        "_originalWidth": 240,
        "_originalHeight": 250
      }
    ],
    "_prefab": {
      "__type__": "cc.PrefabInfo",
      "root": {
        "__id__": 1
      },
      "asset": {
        "__uuid__": "8eSBoP/gZEU6gX7l4f40qp"
      },
      "fileId": "42+T2XowBPEb4SL+l/1Lof"
    },
    "_color": {
      "__type__": "cc.Color",
      "r": 184,
      "g": 184,
      "b": 184
    },
    "_contentSize": {
      "__type__": "cc.Size",
      "width": 835,
      "height": 796
    },
    "_position": {
      "__type__": "cc.Vec2",
      "y": -70
    }
  },
  {
    "__type__": "cc.Node",
    "_name": "scrollBar",
    "_parent": {
      "__id__": 21
    },
    "_children": [
      {
        "__id__": 23
      }
    ],
    "_components": [
      {
        "__id__": 25
      },
      {
        "__type__": "cc.Widget",
        "node": {
          "__id__": 22
        },
        "_alignFlags": 37,
        "_left": 350.07654921020657,
        "_originalHeight": 237
      },
      {
        "__type__": "cc.Sprite",
        "node": {
          "__id__": 22
        },
        "_spriteFrame": {
          "__uuid__": "5f5dyqtRNNxaFmVzYns6FZ"
        },
        "_type": 1,
        "_sizeMode": 0
      }
    ],
    "_prefab": {
      "__type__": "cc.PrefabInfo",
      "root": {
        "__id__": 1
      },
      "asset": {
        "__uuid__": "8eSBoP/gZEU6gX7l4f40qp"
      },
      "fileId": "479cjifSZOl54gbPVrkzLG"
    },
    "_color": {
      "__type__": "cc.Color",
      "r": 238,
      "g": 217,
      "b": 227
    },
    "_anchorPoint": {
      "__type__": "cc.Vec2",
      "x": 1,
      "y": 0.5
    },
    "_contentSize": {
      "__type__": "cc.Size",
      "width": 12,
      "height": 796
    },
    "_position": {
      "__type__": "cc.Vec2",
      "x": 417.5
    }
  },
  {
    "__type__": "cc.Node",
    "_name": "bar",
    "_parent": {
      "__id__": 22
    },
    "_components": [
      {
        "__id__": 24
      }
    ],
    "_prefab": {
      "__type__": "cc.PrefabInfo",
      "root": {
        "__id__": 1
      },
      "asset": {
        "__uuid__": "8eSBoP/gZEU6gX7l4f40qp"
      },
      "fileId": "d4aC3hXwNC7pvodpzjbqkM"
    },
    "_color": {
      "__type__": "cc.Color",
      "r": 236,
      "g": 241,
      "b": 245
    },
    "_anchorPoint": {
      "__type__": "cc.Vec2",
      "x": 1
    },
    "_contentSize": {
      "__type__": "cc.Size",
      "width": 10,
      "height": 30
    },
    "_position": {
      "__type__": "cc.Vec2",
      "x": -1
    }
  },
  {
    "__type__": "cc.Sprite",
    "node": {
      "__id__": 23
    },
    "_spriteFrame": {
      "__uuid__": "5cO7kybDxGj4ipyMYdRYZB"
    },
    "_type": 1,
    "_sizeMode": 0
  },
  {
    "__type__": "cc.Scrollbar",
    "node": {
      "__id__": 22
    },
    "_scrollView": {
      "__id__": 26
    },
    "_N$handle": {
      "__id__": 24
    },
    "_N$direction": 1
  },
  {
    "__type__": "cc.ScrollView",
    "node": {
      "__id__": 21
    },
    "content": {
      "__id__": 27
    },
    "horizontal": false,
    "brake": 0.75,
    "bounceDuration": 0.5,
    "_N$horizontalScrollBar": null,
    "_N$verticalScrollBar": {
      "__id__": 25
    }
  },
  {
    "__type__": "cc.Node",
    "_name": "label",
    "_parent": {
      "__id__": 28
    },
    "_components": [
      {
        "__id__": 30
      },
      {
        "__type__": "cc.Widget",
        "node": {
          "__id__": 27
        },
        "_alignFlags": 1
      }
    ],
    "_prefab": {
      "__type__": "cc.PrefabInfo",
      "root": {
        "__id__": 1
      },
      "asset": {
        "__uuid__": "8eSBoP/gZEU6gX7l4f40qp"
      },
      "fileId": "44EI0b8mhFeImDWJLOtAKJ"
    },
    "_anchorPoint": {
      "__type__": "cc.Vec2",
      "x": 0.5,
      "y": 1
    },
    "_contentSize": {
      "__type__": "cc.Size",
      "width": 780,
      "height": 48
    },
    "_position": {
      "__type__": "cc.Vec2",
      "y": 75
    }
  },
  {
    "__type__": "cc.Node",
    "_name": "layout",
    "_parent": {
      "__id__": 29
    },
    "_children": [
      {
        "__id__": 27
      }
    ],
    "_components": [
      {
        "__type__": "cc.Sprite",
        "node": {
          "__id__": 28
        },
        "_type": 1,
        "_sizeMode": 0
      },
      {
        "__type__": "cc.Layout",
        "node": {
          "__id__": 28
        },
        "_layoutSize": {
          "__type__": "cc.Size",
          "width": 835,
          "height": 150
        }
      },
      {
        "__type__": "cc.Widget",
        "node": {
          "__id__": 28
        },
        "_alignFlags": 41,
        "_top": 32,
        "_originalWidth": 200
      }
    ],
    "_prefab": {
      "__type__": "cc.PrefabInfo",
      "root": {
        "__id__": 1
      },
      "asset": {
        "__uuid__": "8eSBoP/gZEU6gX7l4f40qp"
      },
      "fileId": "08+yEF14ZJLopiKr082gqe"
    },
    "_color": {
      "__type__": "cc.Color",
      "r": 167,
      "g": 167,
      "b": 167
    },
    "_contentSize": {
      "__type__": "cc.Size",
      "width": 835,
      "height": 150
    },
    "_position": {
      "__type__": "cc.Vec2",
      "y": 291
    }
  },
  {
    "__type__": "cc.Node",
    "_name": "view",
    "_parent": {
      "__id__": 21
    },
    "_children": [
      {
        "__id__": 28
      }
    ],
    "_components": [
      {
        "__type__": "cc.Mask",
        "node": {
          "__id__": 29
        }
      }
    ],
    "_prefab": {
      "__type__": "cc.PrefabInfo",
      "root": {
        "__id__": 1
      },
      "asset": {
        "__uuid__": "8eSBoP/gZEU6gX7l4f40qp"
      },
      "fileId": "f3Wo1I6HlNZZC84RiTKNNw"
    },
    "_contentSize": {
      "__type__": "cc.Size",
      "width": 835,
      "height": 796
    }
  },
  {
    "__type__": "cc.RichText",
    "node": {
      "__id__": 27
    },
    "_N$fontSize": 32,
    "_N$maxWidth": 780,
    "_N$lineHeight": 48
  },
  {
    "__type__": "cc.Node",
    "_name": "tab2",
    "_parent": {
      "__id__": 18
    },
    "_children": [
      {
        "__id__": 32
      },
      {
        "__id__": 33
      }
    ],
    "_components": [
      {
        "__type__": "cc.Sprite",
        "node": {
          "__id__": 31
        },
        "_type": 1,
        "_sizeMode": 0
      },
      {
        "__type__": "cc.Layout",
        "node": {
          "__id__": 31
        },
        "_layoutSize": {
          "__type__": "cc.Size",
          "width": 835,
          "height": 936
        },
        "_N$layoutType": 2
      },
      {
        "__type__": "cc.Widget",
        "node": {
          "__id__": 31
        },
        "_alignFlags": 45,
        "_originalWidth": 200,
        "_originalHeight": 150
      }
    ],
    "_prefab": {
      "__type__": "cc.PrefabInfo",
      "root": {
        "__id__": 1
      },
      "asset": {
        "__uuid__": "8eSBoP/gZEU6gX7l4f40qp"
      },
      "fileId": "7bQJzjYHNByaF5joLhTugx"
    },
    "_color": {
      "__type__": "cc.Color",
      "r": 167,
      "g": 167,
      "b": 167
    },
    "_contentSize": {
      "__type__": "cc.Size",
      "width": 835,
      "height": 936
    }
  },
  {
    "__type__": "cc.Node",
    "_name": "tips",
    "_parent": {
      "__id__": 31
    },
    "_active": false,
    "_components": [
      {
        "__type__": "cc.Layout",
        "node": {
          "__id__": 32
        },
        "_layoutSize": {
          "__type__": "cc.Size",
          "width": 835,
          "height": 70
        },
        "_resize": 1,
        "_N$layoutType": 3,
        "_N$paddingLeft": 38,
        "_N$paddingTop": 12,
        "_N$paddingBottom": 12,
        "_N$spacingX": 38,
        "_N$spacingY": 24
      },
      {
        "__type__": "cc.Widget",
        "node": {
          "__id__": 32
        },
        "_alignFlags": 41,
        "_originalWidth": 200
      },
      {
        "__type__": "9c1e53ebQxIganUdRGWTVtY",
        "node": {
          "__id__": 32
        }
      }
    ],
    "_prefab": {
      "__type__": "cc.PrefabInfo",
      "root": {
        "__id__": 1
      },
      "asset": {
        "__uuid__": "8eSBoP/gZEU6gX7l4f40qp"
      },
      "fileId": "3bi7FbD+9CorU+Ef8KCuD/"
    },
    "_color": {
      "__type__": "cc.Color",
      "r": 167,
      "g": 167,
      "b": 167
    },
    "_contentSize": {
      "__type__": "cc.Size",
      "width": 835,
      "height": 70
    },
    "_position": {
      "__type__": "cc.Vec2",
      "y": 433
    }
  },
  {
    "__type__": "cc.Node",
    "_name": "scroll",
    "_parent": {
      "__id__": 31
    },
    "_children": [
      {
        "__id__": 34
      },
      {
        "__id__": 41
      }
    ],
    "_components": [
      {
        "__id__": 38
      },
      {
        "__type__": "cc.Widget",
        "node": {
          "__id__": 33
        },
        "_alignFlags": 45,
        "_originalWidth": 240,
        "_originalHeight": 250
      }
    ],
    "_prefab": {
      "__type__": "cc.PrefabInfo",
      "root": {
        "__id__": 1
      },
      "asset": {
        "__uuid__": "8eSBoP/gZEU6gX7l4f40qp"
      },
      "fileId": "e08aW4R/9IRbYsmKsn5nku"
    },
    "_color": {
      "__type__": "cc.Color",
      "r": 184,
      "g": 184,
      "b": 184
    },
    "_contentSize": {
      "__type__": "cc.Size",
      "width": 835,
      "height": 936
    }
  },
  {
    "__type__": "cc.Node",
    "_name": "scrollBar",
    "_parent": {
      "__id__": 33
    },
    "_children": [
      {
        "__id__": 35
      }
    ],
    "_components": [
      {
        "__id__": 37
      },
      {
        "__type__": "cc.Widget",
        "node": {
          "__id__": 34
        },
        "_alignFlags": 37,
        "_left": 350.07654921020657,
        "_originalHeight": 237
      },
      {
        "__type__": "cc.Sprite",
        "node": {
          "__id__": 34
        },
        "_spriteFrame": {
          "__uuid__": "5f5dyqtRNNxaFmVzYns6FZ"
        },
        "_type": 1,
        "_sizeMode": 0
      }
    ],
    "_prefab": {
      "__type__": "cc.PrefabInfo",
      "root": {
        "__id__": 1
      },
      "asset": {
        "__uuid__": "8eSBoP/gZEU6gX7l4f40qp"
      },
      "fileId": "d28jB+iJRL7oiTT7UPXHDq"
    },
    "_color": {
      "__type__": "cc.Color",
      "r": 238,
      "g": 217,
      "b": 227
    },
    "_anchorPoint": {
      "__type__": "cc.Vec2",
      "x": 1,
      "y": 0.5
    },
    "_contentSize": {
      "__type__": "cc.Size",
      "width": 12,
      "height": 936
    },
    "_position": {
      "__type__": "cc.Vec2",
      "x": 417.5
    }
  },
  {
    "__type__": "cc.Node",
    "_name": "bar",
    "_parent": {
      "__id__": 34
    },
    "_components": [
      {
        "__id__": 36
      }
    ],
    "_prefab": {
      "__type__": "cc.PrefabInfo",
      "root": {
        "__id__": 1
      },
      "asset": {
        "__uuid__": "8eSBoP/gZEU6gX7l4f40qp"
      },
      "fileId": "8fTFxpd1RLkoEcfZJx7b6o"
    },
    "_color": {
      "__type__": "cc.Color",
      "r": 236,
      "g": 241,
      "b": 245
    },
    "_anchorPoint": {
      "__type__": "cc.Vec2",
      "x": 1
    },
    "_contentSize": {
      "__type__": "cc.Size",
      "width": 10,
      "height": 30
    },
    "_position": {
      "__type__": "cc.Vec2",
      "x": -1
    }
  },
  {
    "__type__": "cc.Sprite",
    "node": {
      "__id__": 35
    },
    "_spriteFrame": {
      "__uuid__": "5cO7kybDxGj4ipyMYdRYZB"
    },
    "_type": 1,
    "_sizeMode": 0
  },
  {
    "__type__": "cc.Scrollbar",
    "node": {
      "__id__": 34
    },
    "_scrollView": {
      "__id__": 38
    },
    "_N$handle": {
      "__id__": 36
    },
    "_N$direction": 1
  },
  {
    "__type__": "cc.ScrollView",
    "node": {
      "__id__": 33
    },
    "content": {
      "__id__": 39
    },
    "horizontal": false,
    "brake": 0.75,
    "bounceDuration": 0.5,
    "_N$horizontalScrollBar": null,
    "_N$verticalScrollBar": {
      "__id__": 37
    }
  },
  {
    "__type__": "cc.Node",
    "_name": "label",
    "_parent": {
      "__id__": 40
    },
    "_components": [
      {
        "__id__": 42
      }
    ],
    "_prefab": {
      "__type__": "cc.PrefabInfo",
      "root": {
        "__id__": 1
      },
      "asset": {
        "__uuid__": "8eSBoP/gZEU6gX7l4f40qp"
      },
      "fileId": "06IDxV2JFJyZX53eIiw30v"
    },
    "_anchorPoint": {
      "__type__": "cc.Vec2",
      "x": 0.5,
      "y": 1
    },
    "_contentSize": {
      "__type__": "cc.Size",
      "width": 780,
      "height": 48
    },
    "_position": {
      "__type__": "cc.Vec2",
      "y": 75
    }
  },
  {
    "__type__": "cc.Node",
    "_name": "layout",
    "_parent": {
      "__id__": 41
    },
    "_children": [
      {
        "__id__": 39
      }
    ],
    "_components": [
      {
        "__type__": "cc.Sprite",
        "node": {
          "__id__": 40
        },
        "_type": 1,
        "_sizeMode": 0
      },
      {
        "__type__": "cc.Layout",
        "node": {
          "__id__": 40
        },
        "_layoutSize": {
          "__type__": "cc.Size",
          "width": 835,
          "height": 150
        }
      },
      {
        "__type__": "cc.Widget",
        "node": {
          "__id__": 40
        },
        "_alignFlags": 41,
        "_top": 32,
        "_originalWidth": 200
      }
    ],
    "_prefab": {
      "__type__": "cc.PrefabInfo",
      "root": {
        "__id__": 1
      },
      "asset": {
        "__uuid__": "8eSBoP/gZEU6gX7l4f40qp"
      },
      "fileId": "7cnOEr+bJNBqjI0CzlNGfp"
    },
    "_color": {
      "__type__": "cc.Color",
      "r": 167,
      "g": 167,
      "b": 167
    },
    "_contentSize": {
      "__type__": "cc.Size",
      "width": 835,
      "height": 150
    },
    "_position": {
      "__type__": "cc.Vec2",
      "y": 361
    }
  },
  {
    "__type__": "cc.Node",
    "_name": "view",
    "_parent": {
      "__id__": 33
    },
    "_children": [
      {
        "__id__": 40
      }
    ],
    "_components": [
      {
        "__type__": "cc.Mask",
        "node": {
          "__id__": 41
        }
      }
    ],
    "_prefab": {
      "__type__": "cc.PrefabInfo",
      "root": {
        "__id__": 1
      },
      "asset": {
        "__uuid__": "8eSBoP/gZEU6gX7l4f40qp"
      },
      "fileId": "bbVscGATxAq6VOs2YxmGyl"
    },
    "_contentSize": {
      "__type__": "cc.Size",
      "width": 835,
      "height": 936
    }
  },
  {
    "__type__": "cc.RichText",
    "node": {
      "__id__": 39
    },
    "_N$fontSize": 32,
    "_N$maxWidth": 780,
    "_N$lineHeight": 48
  }
]