[
  {
    "__type__": "cc.Prefab",
    "_name": "sectionGridItem",
    "data": {
      "__id__": 1
    },
    "asyncLoadAssets": null
  },
  {
    "__type__": "cc.Node",
    "_name": "sectionGridItem",
    "_children": [
      {
        "__id__": 2
      }
    ],
    "_components": [
      {
        "__type__": "35399yB3nBKqZW5tpAk9Flc",
        "node": {
          "__id__": 1
        },
        "guestLabel": {
          "__id__": 4
        },
        "homeLabel": {
          "__id__": 8
        },
        "pointLabel": {
          "__id__": 12
        },
        "sameLabel": {
          "__id__": 6
        },
        "sizeContainer": {
          "__id__": 13
        },
        "sameContainer": {
          "__id__": 19
        },
        "pointContainer": {
          "__id__": 16
        },
        "background": {
          "__id__": 2
        },
        "line": {
          "__id__": 9
        }
      },
      {
        "__type__": "cc.Button",
        "node": {
          "__id__": 1
        },
        "clickEvents": [
          {
            "__type__": "cc.ClickEvent",
            "target": {
              "__id__": 1
            },
            "component": "SectionGridItemDelegate",
            "handler": "onItemClick"
          }
        ],
        "_N$target": {
          "__id__": 1
        }
      }
    ],
    "_prefab": {
      "__type__": "cc.PrefabInfo",
      "root": {
        "__id__": 1
      },
      "asset": {
        "__uuid__": "75DWiEn2FE4b/XLHLO4KxZ"
      },
      "fileId": "aa/Z1/+ClI/qenFBMOr04y"
    },
    "_color": {
      "__type__": "cc.Color",
      "r": 214,
      "g": 214,
      "b": 214
    },
    "_contentSize": {
      "__type__": "cc.Size",
      "width": 480,
      "height": 72
    }
  },
  {
    "__type__": "cc.Node",
    "_name": "background",
    "_parent": {
      "__id__": 1
    },
    "_children": [
      {
        "__id__": 3
      },
      {
        "__id__": 5
      },
      {
        "__id__": 7
      },
      {
        "__id__": 9
      },
      {
        "__id__": 10
      },
      {
        "__id__": 13
      },
      {
        "__id__": 16
      },
      {
        "__id__": 19
      }
    ],
    "_components": [
      {
        "__type__": "cc.Sprite",
        "node": {
          "__id__": 2
        },
        "_spriteFrame": {
          "__uuid__": "3cp+WotatE+4b3PhhmRDf/"
        },
        "_sizeMode": 0
      }
    ],
    "_prefab": {
      "__type__": "cc.PrefabInfo",
      "root": {
        "__id__": 1
      },
      "asset": {
        "__uuid__": "75DWiEn2FE4b/XLHLO4KxZ"
      },
      "fileId": "1cyfYOkpBHJ5/Wjrx4sV5z"
    },
    "_contentSize": {
      "__type__": "cc.Size",
      "width": 480,
      "height": 72
    }
  },
  {
    "__type__": "cc.Node",
    "_name": "guestLabel",
    "_parent": {
      "__id__": 2
    },
    "_components": [
      {
        "__id__": 4
      }
    ],
    "_prefab": {
      "__type__": "cc.PrefabInfo",
      "root": {
        "__id__": 1
      },
      "asset": {
        "__uuid__": "75DWiEn2FE4b/XLHLO4KxZ"
      },
      "fileId": "ccthom7WpAyYuJP2HtlDwv"
    },
    "_color": {
      "__type__": "cc.Color",
      "r": 78,
      "g": 78,
      "b": 78
    },
    "_contentSize": {
      "__type__": "cc.Size",
      "width": 72,
      "height": 40.5
    },
    "_position": {
      "__type__": "cc.Vec2",
      "x": 90
    }
  },
  {
    "__type__": "cc.Label",
    "node": {
      "__id__": 3
    },
    "_useOriginalSize": false,
    "_actualFontSize": 36,
    "_fontSize": 36,
    "_lineHeight": 36,
    "_N$file": {
      "__uuid__": "6fNGMcd8dLqKbohQUc5sGg"
    },
    "_isSystemFontUsed": false,
    "_N$string": "1.56",
    "_N$horizontalAlign": 1,
    "_N$verticalAlign": 1,
    "_N$fontFamily": "黑体"
  },
  {
    "__type__": "cc.Node",
    "_name": "sameLabel",
    "_parent": {
      "__id__": 2
    },
    "_active": false,
    "_components": [
      {
        "__id__": 6
      }
    ],
    "_prefab": {
      "__type__": "cc.PrefabInfo",
      "root": {
        "__id__": 1
      },
      "asset": {
        "__uuid__": "75DWiEn2FE4b/XLHLO4KxZ"
      },
      "fileId": "a0VyT7HyxKNLHW5dJlSjEZ"
    },
    "_color": {
      "__type__": "cc.Color",
      "r": 78,
      "g": 78,
      "b": 78
    },
    "_contentSize": {
      "__type__": "cc.Size",
      "width": 72,
      "height": 40.5
    },
    "_position": {
      "__type__": "cc.Vec2",
      "x": 24
    }
  },
  {
    "__type__": "cc.Label",
    "node": {
      "__id__": 5
    },
    "_useOriginalSize": false,
    "_actualFontSize": 36,
    "_fontSize": 36,
    "_lineHeight": 36,
    "_N$file": {
      "__uuid__": "6fNGMcd8dLqKbohQUc5sGg"
    },
    "_isSystemFontUsed": false,
    "_N$string": "1.56",
    "_N$horizontalAlign": 1,
    "_N$verticalAlign": 1,
    "_N$fontFamily": "黑体"
  },
  {
    "__type__": "cc.Node",
    "_name": "homeLabel",
    "_parent": {
      "__id__": 2
    },
    "_components": [
      {
        "__id__": 8
      }
    ],
    "_prefab": {
      "__type__": "cc.PrefabInfo",
      "root": {
        "__id__": 1
      },
      "asset": {
        "__uuid__": "75DWiEn2FE4b/XLHLO4KxZ"
      },
      "fileId": "073iV8GB9K07j8eFMBlxqe"
    },
    "_color": {
      "__type__": "cc.Color",
      "r": 78,
      "g": 78,
      "b": 78
    },
    "_contentSize": {
      "__type__": "cc.Size",
      "width": 72,
      "height": 40.5
    },
    "_position": {
      "__type__": "cc.Vec2",
      "x": -90
    }
  },
  {
    "__type__": "cc.Label",
    "node": {
      "__id__": 7
    },
    "_useOriginalSize": false,
    "_actualFontSize": 36,
    "_fontSize": 36,
    "_lineHeight": 36,
    "_N$file": {
      "__uuid__": "6fNGMcd8dLqKbohQUc5sGg"
    },
    "_isSystemFontUsed": false,
    "_N$string": "1.56",
    "_N$horizontalAlign": 1,
    "_N$verticalAlign": 1,
    "_N$fontFamily": "黑体"
  },
  {
    "__type__": "cc.Node",
    "_name": "line",
    "_parent": {
      "__id__": 2
    },
    "_components": [
      {
        "__type__": "cc.Sprite",
        "node": {
          "__id__": 9
        },
        "_spriteFrame": {
          "__uuid__": "70/Z5tBQ9HspTX6TlQxDdl"
        },
        "_sizeMode": 0
      }
    ],
    "_prefab": {
      "__type__": "cc.PrefabInfo",
      "root": {
        "__id__": 1
      },
      "asset": {
        "__uuid__": "75DWiEn2FE4b/XLHLO4KxZ"
      },
      "fileId": "a6aj5sE7BF4YSpT36UMz8H"
    },
    "_color": {
      "__type__": "cc.Color",
      "r": 162,
      "g": 160,
      "b": 160
    },
    "_contentSize": {
      "__type__": "cc.Size",
      "width": 3,
      "height": 50
    }
  },
  {
    "__type__": "cc.Node",
    "_name": "circle",
    "_parent": {
      "__id__": 2
    },
    "_children": [
      {
        "__id__": 11
      }
    ],
    "_components": [
      {
        "__type__": "cc.Sprite",
        "node": {
          "__id__": 10
        },
        "_spriteFrame": {
          "__uuid__": "39TaD5c4xI95gHzmn9XeMN"
        },
        "_type": 1,
        "_sizeMode": 0
      }
    ],
    "_prefab": {
      "__type__": "cc.PrefabInfo",
      "root": {
        "__id__": 1
      },
      "asset": {
        "__uuid__": "75DWiEn2FE4b/XLHLO4KxZ"
      },
      "fileId": "fdo9Kqu/tMVpJx33v6Zxwa"
    },
    "_contentSize": {
      "__type__": "cc.Size",
      "width": 84,
      "height": 64
    },
    "_position": {
      "__type__": "cc.Vec2",
      "x": -178
    }
  },
  {
    "__type__": "cc.Node",
    "_name": "pointLabel",
    "_parent": {
      "__id__": 10
    },
    "_components": [
      {
        "__id__": 12
      }
    ],
    "_prefab": {
      "__type__": "cc.PrefabInfo",
      "root": {
        "__id__": 1
      },
      "asset": {
        "__uuid__": "75DWiEn2FE4b/XLHLO4KxZ"
      },
      "fileId": "c1IoLbGEpNgrdiaY7i1H3f"
    },
    "_contentSize": {
      "__type__": "cc.Size",
      "width": 55.5,
      "height": 48
    }
  },
  {
    "__type__": "cc.Label",
    "node": {
      "__id__": 11
    },
    "_useOriginalSize": false,
    "_actualFontSize": 24,
    "_fontSize": 24,
    "_lineHeight": 32,
    "_N$file": {
      "__uuid__": "6fNGMcd8dLqKbohQUc5sGg"
    },
    "_isSystemFontUsed": false,
    "_N$string": "让\n0.5/1",
    "_N$horizontalAlign": 1,
    "_N$verticalAlign": 1,
    "_N$fontFamily": "黑体"
  },
  {
    "__type__": "cc.Node",
    "_name": "size",
    "_parent": {
      "__id__": 2
    },
    "_children": [
      {
        "__id__": 14
      },
      {
        "__id__": 15
      }
    ],
    "_active": false,
    "_prefab": {
      "__type__": "cc.PrefabInfo",
      "root": {
        "__id__": 1
      },
      "asset": {
        "__uuid__": "75DWiEn2FE4b/XLHLO4KxZ"
      },
      "fileId": "57uTDezYFLVo1DgEeMQVjr"
    }
  },
  {
    "__type__": "cc.Node",
    "_name": "小",
    "_parent": {
      "__id__": 13
    },
    "_components": [
      {
        "__type__": "cc.Label",
        "node": {
          "__id__": 14
        },
        "_useOriginalSize": false,
        "_actualFontSize": 32,
        "_fontSize": 32,
        "_lineHeight": 32,
        "_N$file": {
          "__uuid__": "6fNGMcd8dLqKbohQUc5sGg"
        },
        "_isSystemFontUsed": false,
        "_spacingX": 1,
        "_N$string": "小",
        "_N$horizontalAlign": 1,
        "_N$verticalAlign": 1,
        "_N$fontFamily": "黑体"
      }
    ],
    "_prefab": {
      "__type__": "cc.PrefabInfo",
      "root": {
        "__id__": 1
      },
      "asset": {
        "__uuid__": "75DWiEn2FE4b/XLHLO4KxZ"
      },
      "fileId": "b30jK/hbhBoLIa+tEVLQo1"
    },
    "_color": {
      "__type__": "cc.Color",
      "r": 102,
      "g": 102,
      "b": 102
    },
    "_contentSize": {
      "__type__": "cc.Size",
      "width": 30,
      "height": 32
    },
    "_position": {
      "__type__": "cc.Vec2",
      "x": -164
    }
  },
  {
    "__type__": "cc.Node",
    "_name": "大",
    "_parent": {
      "__id__": 13
    },
    "_components": [
      {
        "__type__": "cc.Label",
        "node": {
          "__id__": 15
        },
        "_useOriginalSize": false,
        "_actualFontSize": 32,
        "_fontSize": 32,
        "_lineHeight": 32,
        "_N$file": {
          "__uuid__": "6fNGMcd8dLqKbohQUc5sGg"
        },
        "_isSystemFontUsed": false,
        "_spacingX": 1,
        "_N$string": "大",
        "_N$horizontalAlign": 1,
        "_N$verticalAlign": 1,
        "_N$fontFamily": "黑体"
      }
    ],
    "_prefab": {
      "__type__": "cc.PrefabInfo",
      "root": {
        "__id__": 1
      },
      "asset": {
        "__uuid__": "75DWiEn2FE4b/XLHLO4KxZ"
      },
      "fileId": "e0mRfz819OQ7Tvrgof3TBH"
    },
    "_color": {
      "__type__": "cc.Color",
      "r": 102,
      "g": 102,
      "b": 102
    },
    "_contentSize": {
      "__type__": "cc.Size",
      "width": 31,
      "height": 32
    },
    "_position": {
      "__type__": "cc.Vec2",
      "x": 164
    }
  },
  {
    "__type__": "cc.Node",
    "_name": "point",
    "_parent": {
      "__id__": 2
    },
    "_children": [
      {
        "__id__": 17
      },
      {
        "__id__": 18
      }
    ],
    "_active": false,
    "_prefab": {
      "__type__": "cc.PrefabInfo",
      "root": {
        "__id__": 1
      },
      "asset": {
        "__uuid__": "75DWiEn2FE4b/XLHLO4KxZ"
      },
      "fileId": "7aUerNU1FGXJEdSsd+LcKY"
    }
  },
  {
    "__type__": "cc.Node",
    "_name": "单",
    "_parent": {
      "__id__": 16
    },
    "_components": [
      {
        "__type__": "cc.Label",
        "node": {
          "__id__": 17
        },
        "_useOriginalSize": false,
        "_actualFontSize": 32,
        "_fontSize": 32,
        "_lineHeight": 32,
        "_N$file": {
          "__uuid__": "6fNGMcd8dLqKbohQUc5sGg"
        },
        "_isSystemFontUsed": false,
        "_spacingX": 1,
        "_N$string": "单",
        "_N$horizontalAlign": 1,
        "_N$verticalAlign": 1,
        "_N$fontFamily": "黑体"
      }
    ],
    "_prefab": {
      "__type__": "cc.PrefabInfo",
      "root": {
        "__id__": 1
      },
      "asset": {
        "__uuid__": "75DWiEn2FE4b/XLHLO4KxZ"
      },
      "fileId": "60dTYfdwNHspKIhOu2GKvW"
    },
    "_color": {
      "__type__": "cc.Color",
      "r": 102,
      "g": 102,
      "b": 102
    },
    "_contentSize": {
      "__type__": "cc.Size",
      "width": 32,
      "height": 32
    },
    "_position": {
      "__type__": "cc.Vec2",
      "x": -164
    }
  },
  {
    "__type__": "cc.Node",
    "_name": "双",
    "_parent": {
      "__id__": 16
    },
    "_components": [
      {
        "__type__": "cc.Label",
        "node": {
          "__id__": 18
        },
        "_useOriginalSize": false,
        "_actualFontSize": 32,
        "_fontSize": 32,
        "_lineHeight": 32,
        "_N$file": {
          "__uuid__": "6fNGMcd8dLqKbohQUc5sGg"
        },
        "_isSystemFontUsed": false,
        "_spacingX": 1,
        "_N$string": "双",
        "_N$horizontalAlign": 1,
        "_N$verticalAlign": 1,
        "_N$fontFamily": "黑体"
      }
    ],
    "_prefab": {
      "__type__": "cc.PrefabInfo",
      "root": {
        "__id__": 1
      },
      "asset": {
        "__uuid__": "75DWiEn2FE4b/XLHLO4KxZ"
      },
      "fileId": "79IDAXwblI8r4jixzm3Mb7"
    },
    "_color": {
      "__type__": "cc.Color",
      "r": 102,
      "g": 102,
      "b": 102
    },
    "_contentSize": {
      "__type__": "cc.Size",
      "width": 32,
      "height": 32
    },
    "_position": {
      "__type__": "cc.Vec2",
      "x": 164
    }
  },
  {
    "__type__": "cc.Node",
    "_name": "same",
    "_parent": {
      "__id__": 2
    },
    "_children": [
      {
        "__id__": 20
      },
      {
        "__id__": 22
      },
      {
        "__id__": 24
      }
    ],
    "_active": false,
    "_prefab": {
      "__type__": "cc.PrefabInfo",
      "root": {
        "__id__": 1
      },
      "asset": {
        "__uuid__": "75DWiEn2FE4b/XLHLO4KxZ"
      },
      "fileId": "d2gzflzdtBwKTcOky2U3yJ"
    }
  },
  {
    "__type__": "cc.Node",
    "_name": "yuandi",
    "_parent": {
      "__id__": 19
    },
    "_children": [
      {
        "__id__": 21
      }
    ],
    "_components": [
      {
        "__type__": "cc.Sprite",
        "node": {
          "__id__": 20
        },
        "_spriteFrame": {
          "__uuid__": "39TaD5c4xI95gHzmn9XeMN"
        }
      }
    ],
    "_prefab": {
      "__type__": "cc.PrefabInfo",
      "root": {
        "__id__": 1
      },
      "asset": {
        "__uuid__": "75DWiEn2FE4b/XLHLO4KxZ"
      },
      "fileId": "9aMgw0HjVPpZQ4o1eEJcg4"
    },
    "_contentSize": {
      "__type__": "cc.Size",
      "width": 64,
      "height": 64
    },
    "_position": {
      "__type__": "cc.Vec2",
      "x": -202
    }
  },
  {
    "__type__": "cc.Node",
    "_name": "label",
    "_parent": {
      "__id__": 20
    },
    "_components": [
      {
        "__type__": "cc.Label",
        "node": {
          "__id__": 21
        },
        "_useOriginalSize": false,
        "_actualFontSize": 32,
        "_fontSize": 32,
        "_lineHeight": 32,
        "_N$file": {
          "__uuid__": "6fNGMcd8dLqKbohQUc5sGg"
        },
        "_isSystemFontUsed": false,
        "_N$string": "胜",
        "_N$horizontalAlign": 1,
        "_N$verticalAlign": 1,
        "_N$fontFamily": "黑体"
      }
    ],
    "_prefab": {
      "__type__": "cc.PrefabInfo",
      "root": {
        "__id__": 1
      },
      "asset": {
        "__uuid__": "75DWiEn2FE4b/XLHLO4KxZ"
      },
      "fileId": "57dfwdTbxD2oUqPVRqnMCR"
    },
    "_contentSize": {
      "__type__": "cc.Size",
      "width": 30,
      "height": 32
    }
  },
  {
    "__type__": "cc.Node",
    "_name": "yuandi",
    "_parent": {
      "__id__": 19
    },
    "_children": [
      {
        "__id__": 23
      }
    ],
    "_components": [
      {
        "__type__": "cc.Sprite",
        "node": {
          "__id__": 22
        },
        "_spriteFrame": {
          "__uuid__": "39TaD5c4xI95gHzmn9XeMN"
        }
      }
    ],
    "_prefab": {
      "__type__": "cc.PrefabInfo",
      "root": {
        "__id__": 1
      },
      "asset": {
        "__uuid__": "75DWiEn2FE4b/XLHLO4KxZ"
      },
      "fileId": "4dY/sdFv9GvI94Fj9J5Ppc"
    },
    "_contentSize": {
      "__type__": "cc.Size",
      "width": 64,
      "height": 64
    },
    "_position": {
      "__type__": "cc.Vec2",
      "x": -42
    }
  },
  {
    "__type__": "cc.Node",
    "_name": "label",
    "_parent": {
      "__id__": 22
    },
    "_components": [
      {
        "__type__": "cc.Label",
        "node": {
          "__id__": 23
        },
        "_useOriginalSize": false,
        "_actualFontSize": 32,
        "_fontSize": 32,
        "_lineHeight": 32,
        "_N$file": {
          "__uuid__": "6fNGMcd8dLqKbohQUc5sGg"
        },
        "_isSystemFontUsed": false,
        "_N$string": "平",
        "_N$horizontalAlign": 1,
        "_N$verticalAlign": 1,
        "_N$fontFamily": "黑体"
      }
    ],
    "_prefab": {
      "__type__": "cc.PrefabInfo",
      "root": {
        "__id__": 1
      },
      "asset": {
        "__uuid__": "75DWiEn2FE4b/XLHLO4KxZ"
      },
      "fileId": "cfVotnVcJDEb03dKcg9Owk"
    },
    "_contentSize": {
      "__type__": "cc.Size",
      "width": 31,
      "height": 32
    }
  },
  {
    "__type__": "cc.Node",
    "_name": "yuandi",
    "_parent": {
      "__id__": 19
    },
    "_children": [
      {
        "__id__": 25
      }
    ],
    "_components": [
      {
        "__type__": "cc.Sprite",
        "node": {
          "__id__": 24
        },
        "_spriteFrame": {
          "__uuid__": "39TaD5c4xI95gHzmn9XeMN"
        }
      }
    ],
    "_prefab": {
      "__type__": "cc.PrefabInfo",
      "root": {
        "__id__": 1
      },
      "asset": {
        "__uuid__": "75DWiEn2FE4b/XLHLO4KxZ"
      },
      "fileId": "felEqzAD9FlbKWUHjPUEAg"
    },
    "_contentSize": {
      "__type__": "cc.Size",
      "width": 64,
      "height": 64
    },
    "_position": {
      "__type__": "cc.Vec2",
      "x": 118
    }
  },
  {
    "__type__": "cc.Node",
    "_name": "label",
    "_parent": {
      "__id__": 24
    },
    "_components": [
      {
        "__type__": "cc.Label",
        "node": {
          "__id__": 25
        },
        "_useOriginalSize": false,
        "_actualFontSize": 32,
        "_fontSize": 32,
        "_lineHeight": 32,
        "_N$file": {
          "__uuid__": "6fNGMcd8dLqKbohQUc5sGg"
        },
        "_isSystemFontUsed": false,
        "_N$string": "负",
        "_N$horizontalAlign": 1,
        "_N$verticalAlign": 1,
        "_N$fontFamily": "黑体"
      }
    ],
    "_prefab": {
      "__type__": "cc.PrefabInfo",
      "root": {
        "__id__": 1
      },
      "asset": {
        "__uuid__": "75DWiEn2FE4b/XLHLO4KxZ"
      },
      "fileId": "0dhv1QB9pKppODQKBMnGZu"
    },
    "_contentSize": {
      "__type__": "cc.Size",
      "width": 30,
      "height": 32
    }
  }
]