[
  {
    "__type__": "cc.Prefab",
    "_name": "gameItem",
    "data": {
      "__id__": 1
    },
    "asyncLoadAssets": null
  },
  {
    "__type__": "cc.Node",
    "_name": "gameItem",
    "_children": [
      {
        "__id__": 2
      },
      {
        "__id__": 3
      },
      {
        "__id__": 4
      },
      {
        "__id__": 6
      },
      {
        "__id__": 8
      },
      {
        "__id__": 10
      },
      {
        "__id__": 12
      },
      {
        "__id__": 14
      },
      {
        "__id__": 19
      },
      {
        "__id__": 24
      },
      {
        "__id__": 26
      }
    ],
    "_components": [
      {
        "__type__": "cc.Button",
        "node": {
          "__id__": 1
        },
        "transition": 1,
        "_N$target": {
          "__id__": 1
        }
      },
      {
        "__type__": "eecd7iBbaVCXKVpRx4zqfNf",
        "node": {
          "__id__": 1
        },
        "homeTag": {
          "__id__": 24
        },
        "guestTag": {
          "__id__": 26
        },
        "leftLabel": {
          "__id__": 9
        },
        "rightLabel": {
          "__id__": 11
        },
        "nameLabel": {
          "__id__": 5
        },
        "numberLabel": {
          "__id__": 7
        },
        "leftIcon": {
          "__id__": 17
        },
        "rightIcon": {
          "__id__": 22
        },
        "timeLabel": {
          "__id__": 13
        }
      },
      {
        "__type__": "cc.Button",
        "node": {
          "__id__": 1
        },
        "clickEvents": [
          {
            "__type__": "cc.ClickEvent",
            "target": {
              "__id__": 1
            },
            "component": "GameItemDelegate",
            "handler": "onClickItem"
          }
        ],
        "_N$target": {
          "__id__": 1
        }
      }
    ],
    "_prefab": {
      "__type__": "cc.PrefabInfo",
      "root": {
        "__id__": 1
      },
      "asset": {
        "__uuid__": "20Mu/97xhNPYOM+EiS+F8W"
      },
      "fileId": "5bj+RhWZRHAIX81YZBkzFs"
    },
    "_color": {
      "__type__": "cc.Color",
      "r": 214,
      "g": 214,
      "b": 214
    },
    "_contentSize": {
      "__type__": "cc.Size",
      "width": 720,
      "height": 140
    }
  },
  {
    "__type__": "cc.Node",
    "_name": "background",
    "_parent": {
      "__id__": 1
    },
    "_components": [
      {
        "__type__": "cc.Sprite",
        "node": {
          "__id__": 2
        },
        "_spriteFrame": {
          "__uuid__": "37uOoZpiZH3Lc9MJ0f0POH"
        },
        "_type": 1,
        "_sizeMode": 0
      }
    ],
    "_prefab": {
      "__type__": "cc.PrefabInfo",
      "root": {
        "__id__": 1
      },
      "asset": {
        "__uuid__": "20Mu/97xhNPYOM+EiS+F8W"
      },
      "fileId": "f6TbifTBpEj5xB/EIYer1y"
    },
    "_contentSize": {
      "__type__": "cc.Size",
      "width": 600,
      "height": 76
    }
  },
  {
    "__type__": "cc.Node",
    "_name": "vs",
    "_parent": {
      "__id__": 1
    },
    "_components": [
      {
        "__type__": "cc.Label",
        "node": {
          "__id__": 3
        },
        "_useOriginalSize": false,
        "_N$file": {
          "__uuid__": "c2kHEPKuxDnKlzxIb6FOBH"
        },
        "_isSystemFontUsed": false,
        "_N$string": "VS",
        "_N$horizontalAlign": 1,
        "_N$verticalAlign": 1
      }
    ],
    "_prefab": {
      "__type__": "cc.PrefabInfo",
      "root": {
        "__id__": 1
      },
      "asset": {
        "__uuid__": "20Mu/97xhNPYOM+EiS+F8W"
      },
      "fileId": "0bqujARXxFbaWabUg+4lBt"
    },
    "_contentSize": {
      "__type__": "cc.Size",
      "width": 31,
      "height": 40
    },
    "_position": {
      "__type__": "cc.Vec2",
      "y": 16
    }
  },
  {
    "__type__": "cc.Node",
    "_name": "name",
    "_parent": {
      "__id__": 1
    },
    "_components": [
      {
        "__id__": 5
      },
      {
        "__type__": "cc.Widget",
        "node": {
          "__id__": 4
        },
        "_alignFlags": 8,
        "_left": 130,
        "_right": 130,
        "_bottom": 12
      }
    ],
    "_prefab": {
      "__type__": "cc.PrefabInfo",
      "root": {
        "__id__": 1
      },
      "asset": {
        "__uuid__": "20Mu/97xhNPYOM+EiS+F8W"
      },
      "fileId": "66ZCh5/61EN7JkuJdPaYs6"
    },
    "_color": {
      "__type__": "cc.Color",
      "r": 143,
      "g": 138,
      "b": 138
    },
    "_anchorPoint": {
      "__type__": "cc.Vec2",
      "y": 0.5
    },
    "_contentSize": {
      "__type__": "cc.Size",
      "width": 64,
      "height": 30.4
    },
    "_position": {
      "__type__": "cc.Vec2",
      "x": -230,
      "y": -24
    }
  },
  {
    "__type__": "cc.Label",
    "node": {
      "__id__": 4
    },
    "_useOriginalSize": false,
    "_actualFontSize": 32,
    "_fontSize": 32,
    "_lineHeight": 38,
    "_N$file": {
      "__uuid__": "c2kHEPKuxDnKlzxIb6FOBH"
    },
    "_isSystemFontUsed": false,
    "_N$string": "世界杯",
    "_N$horizontalAlign": 2,
    "_N$verticalAlign": 1
  },
  {
    "__type__": "cc.Node",
    "_name": "number",
    "_parent": {
      "__id__": 1
    },
    "_components": [
      {
        "__id__": 7
      },
      {
        "__type__": "cc.Widget",
        "node": {
          "__id__": 6
        },
        "_alignFlags": 32,
        "_left": 130,
        "_right": 130,
        "_bottom": 12,
        "_originalWidth": 50.53
      }
    ],
    "_prefab": {
      "__type__": "cc.PrefabInfo",
      "root": {
        "__id__": 1
      },
      "asset": {
        "__uuid__": "20Mu/97xhNPYOM+EiS+F8W"
      },
      "fileId": "9eNeyPfedEJ5Tbqe6n/cUL"
    },
    "_color": {
      "__type__": "cc.Color",
      "r": 143,
      "g": 138,
      "b": 138
    },
    "_anchorPoint": {
      "__type__": "cc.Vec2",
      "x": 1,
      "y": 0.5
    },
    "_contentSize": {
      "__type__": "cc.Size",
      "width": 146.4,
      "height": 30.4
    },
    "_position": {
      "__type__": "cc.Vec2",
      "x": 230,
      "y": -24
    }
  },
  {
    "__type__": "cc.Label",
    "node": {
      "__id__": 6
    },
    "_useOriginalSize": false,
    "_actualFontSize": 32,
    "_fontSize": 32,
    "_lineHeight": 38,
    "_N$file": {
      "__uuid__": "c2kHEPKuxDnKlzxIb6FOBH"
    },
    "_isSystemFontUsed": false,
    "_N$string": "3/20 15:00  余0",
    "_N$horizontalAlign": 2,
    "_N$verticalAlign": 1
  },
  {
    "__type__": "cc.Node",
    "_name": "labelLeft",
    "_parent": {
      "__id__": 1
    },
    "_components": [
      {
        "__id__": 9
      },
      {
        "__type__": "cc.Widget",
        "node": {
          "__id__": 8
        },
        "_alignFlags": 8,
        "_left": 130,
        "_top": 16
      }
    ],
    "_prefab": {
      "__type__": "cc.PrefabInfo",
      "root": {
        "__id__": 1
      },
      "asset": {
        "__uuid__": "20Mu/97xhNPYOM+EiS+F8W"
      },
      "fileId": "9eSGpJycVHmaTLy8RqyIpN"
    },
    "_anchorPoint": {
      "__type__": "cc.Vec2",
      "y": 0.5
    },
    "_contentSize": {
      "__type__": "cc.Size",
      "width": 54.6,
      "height": 39.9
    },
    "_position": {
      "__type__": "cc.Vec2",
      "x": -230,
      "y": 15
    }
  },
  {
    "__type__": "cc.Label",
    "node": {
      "__id__": 8
    },
    "_useOriginalSize": false,
    "_actualFontSize": 42,
    "_fontSize": 42,
    "_lineHeight": 38,
    "_enableWrapText": false,
    "_N$file": {
      "__uuid__": "c2kHEPKuxDnKlzxIb6FOBH"
    },
    "_isSystemFontUsed": false,
    "_N$string": "德国",
    "_N$verticalAlign": 1,
    "_N$fontFamily": "黑体"
  },
  {
    "__type__": "cc.Node",
    "_name": "labelRight",
    "_parent": {
      "__id__": 1
    },
    "_components": [
      {
        "__id__": 11
      },
      {
        "__type__": "cc.Widget",
        "node": {
          "__id__": 10
        },
        "_alignFlags": 32,
        "_right": 130
      }
    ],
    "_prefab": {
      "__type__": "cc.PrefabInfo",
      "root": {
        "__id__": 1
      },
      "asset": {
        "__uuid__": "20Mu/97xhNPYOM+EiS+F8W"
      },
      "fileId": "c3IIMIZVBMo5WpCvbzBmQA"
    },
    "_anchorPoint": {
      "__type__": "cc.Vec2",
      "x": 1,
      "y": 0.5
    },
    "_contentSize": {
      "__type__": "cc.Size",
      "width": 54.6,
      "height": 39.9
    },
    "_position": {
      "__type__": "cc.Vec2",
      "x": 230,
      "y": 15
    }
  },
  {
    "__type__": "cc.Label",
    "node": {
      "__id__": 10
    },
    "_useOriginalSize": false,
    "_actualFontSize": 42,
    "_fontSize": 42,
    "_lineHeight": 38,
    "_N$file": {
      "__uuid__": "c2kHEPKuxDnKlzxIb6FOBH"
    },
    "_isSystemFontUsed": false,
    "_N$string": "法国",
    "_N$horizontalAlign": 2,
    "_N$verticalAlign": 1,
    "_N$fontFamily": "黑体"
  },
  {
    "__type__": "cc.Node",
    "_name": "time",
    "_parent": {
      "__id__": 1
    },
    "_components": [
      {
        "__id__": 13
      }
    ],
    "_prefab": {
      "__type__": "cc.PrefabInfo",
      "root": {
        "__id__": 1
      },
      "asset": {
        "__uuid__": "20Mu/97xhNPYOM+EiS+F8W"
      },
      "fileId": "3bu6Jy7iVNaJZfYXKr02yD"
    },
    "_color": {
      "__type__": "cc.Color",
      "r": 78,
      "g": 78,
      "b": 78
    },
    "_contentSize": {
      "__type__": "cc.Size",
      "height": 30.4
    },
    "_position": {
      "__type__": "cc.Vec2",
      "x": -1.4210854715202004e-14,
      "y": -24
    }
  },
  {
    "__type__": "cc.Label",
    "node": {
      "__id__": 12
    },
    "_useOriginalSize": false,
    "_actualFontSize": 32,
    "_fontSize": 32,
    "_lineHeight": 38,
    "_N$file": {
      "__uuid__": "c2kHEPKuxDnKlzxIb6FOBH"
    },
    "_isSystemFontUsed": false,
    "_N$string": "",
    "_N$horizontalAlign": 2,
    "_N$verticalAlign": 1
  },
  {
    "__type__": "cc.Node",
    "_name": "mask1",
    "_parent": {
      "__id__": 1
    },
    "_children": [
      {
        "__id__": 15
      },
      {
        "__id__": 18
      }
    ],
    "_components": [
      {
        "__type__": "cc.Widget",
        "node": {
          "__id__": 14
        },
        "_alignFlags": 10
      }
    ],
    "_prefab": {
      "__type__": "cc.PrefabInfo",
      "root": {
        "__id__": 1
      },
      "asset": {
        "__uuid__": "20Mu/97xhNPYOM+EiS+F8W"
      },
      "fileId": "c5UKklXPBLO7WSJlNMTfpd"
    },
    "_contentSize": {
      "__type__": "cc.Size",
      "width": 126,
      "height": 126
    },
    "_position": {
      "__type__": "cc.Vec2",
      "x": -297
    }
  },
  {
    "__type__": "cc.Node",
    "_name": "mask",
    "_parent": {
      "__id__": 14
    },
    "_children": [
      {
        "__id__": 16
      }
    ],
    "_components": [
      {
        "__type__": "cc.Mask",
        "node": {
          "__id__": 15
        },
        "_enabled": false,
        "_type": 1,
        "_segements": 59,
        "_N$spriteFrame": {
          "__uuid__": "496JUFZE1NQqlxuZOms9l6"
        }
      },
      {
        "__type__": "cc.Widget",
        "node": {
          "__id__": 15
        },
        "_alignFlags": 18,
        "_left": 2
      }
    ],
    "_prefab": {
      "__type__": "cc.PrefabInfo",
      "root": {
        "__id__": 1
      },
      "asset": {
        "__uuid__": "20Mu/97xhNPYOM+EiS+F8W"
      },
      "fileId": "53jyaERGpNkLjy9ph8b4Y9"
    },
    "_contentSize": {
      "__type__": "cc.Size",
      "width": 118,
      "height": 118
    }
  },
  {
    "__type__": "cc.Node",
    "_name": "iconLeft",
    "_parent": {
      "__id__": 15
    },
    "_components": [
      {
        "__id__": 17
      },
      {
        "__type__": "cc.Widget",
        "node": {
          "__id__": 16
        },
        "_alignFlags": 18
      }
    ],
    "_prefab": {
      "__type__": "cc.PrefabInfo",
      "root": {
        "__id__": 1
      },
      "asset": {
        "__uuid__": "20Mu/97xhNPYOM+EiS+F8W"
      },
      "fileId": "53KD6iZeVBloLP+YmHyVDk"
    },
    "_contentSize": {
      "__type__": "cc.Size",
      "width": 126,
      "height": 126
    }
  },
  {
    "__type__": "cc.Sprite",
    "node": {
      "__id__": 16
    },
    "_spriteFrame": {
      "__uuid__": "59xRocZ0FF7rAjz1lXACmn"
    },
    "_sizeMode": 0
  },
  {
    "__type__": "cc.Node",
    "_name": "logomask",
    "_parent": {
      "__id__": 14
    },
    "_components": [
      {
        "__type__": "cc.Sprite",
        "node": {
          "__id__": 18
        },
        "_spriteFrame": {
          "__uuid__": "496JUFZE1NQqlxuZOms9l6"
        }
      },
      {
        "__type__": "cc.Widget",
        "node": {
          "__id__": 18
        },
        "_alignFlags": 18
      }
    ],
    "_prefab": {
      "__type__": "cc.PrefabInfo",
      "root": {
        "__id__": 1
      },
      "asset": {
        "__uuid__": "20Mu/97xhNPYOM+EiS+F8W"
      },
      "fileId": "8f4xBV+wNNsJjhxvq2mJz2"
    },
    "_contentSize": {
      "__type__": "cc.Size",
      "width": 126,
      "height": 126
    }
  },
  {
    "__type__": "cc.Node",
    "_name": "mask2",
    "_parent": {
      "__id__": 1
    },
    "_children": [
      {
        "__id__": 20
      },
      {
        "__id__": 23
      }
    ],
    "_components": [
      {
        "__type__": "cc.Widget",
        "node": {
          "__id__": 19
        },
        "_alignFlags": 34
      }
    ],
    "_prefab": {
      "__type__": "cc.PrefabInfo",
      "root": {
        "__id__": 1
      },
      "asset": {
        "__uuid__": "20Mu/97xhNPYOM+EiS+F8W"
      },
      "fileId": "1fdvDV9iZECqW6FGm3z8v9"
    },
    "_contentSize": {
      "__type__": "cc.Size",
      "width": 126,
      "height": 126
    },
    "_position": {
      "__type__": "cc.Vec2",
      "x": 297
    }
  },
  {
    "__type__": "cc.Node",
    "_name": "mask",
    "_parent": {
      "__id__": 19
    },
    "_children": [
      {
        "__id__": 21
      }
    ],
    "_components": [
      {
        "__type__": "cc.Mask",
        "node": {
          "__id__": 20
        },
        "_enabled": false,
        "_type": 1,
        "_segements": 59,
        "_N$spriteFrame": {
          "__uuid__": "496JUFZE1NQqlxuZOms9l6"
        }
      },
      {
        "__type__": "cc.Widget",
        "node": {
          "__id__": 20
        },
        "_alignFlags": 18,
        "_right": 300
      }
    ],
    "_prefab": {
      "__type__": "cc.PrefabInfo",
      "root": {
        "__id__": 1
      },
      "asset": {
        "__uuid__": "20Mu/97xhNPYOM+EiS+F8W"
      },
      "fileId": "7cUS7j6+tDx5VBwtiAcyOL"
    },
    "_contentSize": {
      "__type__": "cc.Size",
      "width": 118,
      "height": 118
    }
  },
  {
    "__type__": "cc.Node",
    "_name": "iconRight",
    "_parent": {
      "__id__": 20
    },
    "_components": [
      {
        "__id__": 22
      },
      {
        "__type__": "cc.Widget",
        "node": {
          "__id__": 21
        },
        "_alignFlags": 2
      }
    ],
    "_prefab": {
      "__type__": "cc.PrefabInfo",
      "root": {
        "__id__": 1
      },
      "asset": {
        "__uuid__": "20Mu/97xhNPYOM+EiS+F8W"
      },
      "fileId": "bcItszoSlPd6QIg1yBfBZM"
    },
    "_contentSize": {
      "__type__": "cc.Size",
      "width": 126,
      "height": 126
    },
    "_position": {
      "__type__": "cc.Vec2",
      "x": -1
    }
  },
  {
    "__type__": "cc.Sprite",
    "node": {
      "__id__": 21
    },
    "_spriteFrame": {
      "__uuid__": "1bzRWVtOpAu4+cJy6ZYXiG"
    },
    "_sizeMode": 0
  },
  {
    "__type__": "cc.Node",
    "_name": "logomask",
    "_parent": {
      "__id__": 19
    },
    "_components": [
      {
        "__type__": "cc.Sprite",
        "node": {
          "__id__": 23
        },
        "_spriteFrame": {
          "__uuid__": "496JUFZE1NQqlxuZOms9l6"
        }
      },
      {
        "__type__": "cc.Widget",
        "node": {
          "__id__": 23
        },
        "_alignFlags": 18
      }
    ],
    "_prefab": {
      "__type__": "cc.PrefabInfo",
      "root": {
        "__id__": 1
      },
      "asset": {
        "__uuid__": "20Mu/97xhNPYOM+EiS+F8W"
      },
      "fileId": "5febnVDQdIYoDgzlHQcGt/"
    },
    "_contentSize": {
      "__type__": "cc.Size",
      "width": 126,
      "height": 126
    }
  },
  {
    "__type__": "cc.Node",
    "_name": "home",
    "_parent": {
      "__id__": 1
    },
    "_children": [
      {
        "__id__": 25
      }
    ],
    "_components": [
      {
        "__type__": "cc.Sprite",
        "node": {
          "__id__": 24
        },
        "_spriteFrame": {
          "__uuid__": "81d/3vZxNJ1JolbeGNCyMY"
        }
      }
    ],
    "_prefab": {
      "__type__": "cc.PrefabInfo",
      "root": {
        "__id__": 1
      },
      "asset": {
        "__uuid__": "20Mu/97xhNPYOM+EiS+F8W"
      },
      "fileId": "11yQuF+zFJZJVtdR2E4vlz"
    },
    "_opacity": 0,
    "_contentSize": {
      "__type__": "cc.Size",
      "width": 60,
      "height": 50
    },
    "_position": {
      "__type__": "cc.Vec2",
      "x": -190,
      "y": -63.5
    }
  },
  {
    "__type__": "cc.Node",
    "_name": "label",
    "_parent": {
      "__id__": 24
    },
    "_components": [
      {
        "__type__": "cc.Label",
        "node": {
          "__id__": 25
        },
        "_useOriginalSize": false,
        "_actualFontSize": 24,
        "_fontSize": 24,
        "_N$file": {
          "__uuid__": "c2kHEPKuxDnKlzxIb6FOBH"
        },
        "_isSystemFontUsed": false,
        "_N$string": "主队",
        "_N$horizontalAlign": 1,
        "_N$verticalAlign": 1
      }
    ],
    "_prefab": {
      "__type__": "cc.PrefabInfo",
      "root": {
        "__id__": 1
      },
      "asset": {
        "__uuid__": "20Mu/97xhNPYOM+EiS+F8W"
      },
      "fileId": "43x/fHaUhPZaUNBqD8ZKgQ"
    },
    "_contentSize": {
      "__type__": "cc.Size",
      "width": 32.4,
      "height": 24
    },
    "_position": {
      "__type__": "cc.Vec2",
      "y": 5
    }
  },
  {
    "__type__": "cc.Node",
    "_name": "guest",
    "_parent": {
      "__id__": 1
    },
    "_children": [
      {
        "__id__": 27
      }
    ],
    "_components": [
      {
        "__type__": "cc.Sprite",
        "node": {
          "__id__": 26
        },
        "_spriteFrame": {
          "__uuid__": "6dp9rF9IdM1ZeHTPgrzp9u"
        }
      }
    ],
    "_prefab": {
      "__type__": "cc.PrefabInfo",
      "root": {
        "__id__": 1
      },
      "asset": {
        "__uuid__": "20Mu/97xhNPYOM+EiS+F8W"
      },
      "fileId": "55bRpukp9AUpte/J2c59mi"
    },
    "_opacity": 0,
    "_contentSize": {
      "__type__": "cc.Size",
      "width": 60,
      "height": 50
    },
    "_position": {
      "__type__": "cc.Vec2",
      "x": 190,
      "y": -63.5
    }
  },
  {
    "__type__": "cc.Node",
    "_name": "label",
    "_parent": {
      "__id__": 26
    },
    "_components": [
      {
        "__type__": "cc.Label",
        "node": {
          "__id__": 27
        },
        "_useOriginalSize": false,
        "_actualFontSize": 24,
        "_fontSize": 24,
        "_N$file": {
          "__uuid__": "c2kHEPKuxDnKlzxIb6FOBH"
        },
        "_isSystemFontUsed": false,
        "_N$string": "客队",
        "_N$horizontalAlign": 1,
        "_N$verticalAlign": 1
      }
    ],
    "_prefab": {
      "__type__": "cc.PrefabInfo",
      "root": {
        "__id__": 1
      },
      "asset": {
        "__uuid__": "20Mu/97xhNPYOM+EiS+F8W"
      },
      "fileId": "ffSXtnuqdCAId8bZZlNOsm"
    },
    "_contentSize": {
      "__type__": "cc.Size",
      "width": 32.4,
      "height": 24
    },
    "_position": {
      "__type__": "cc.Vec2",
      "y": 5
    }
  }
]