[
  {
    "__type__": "cc.SpriteFrame",
    "content": {
      "name": "faguo",
      "texture": "1a66612af",
      "rect": [
        2,
        1006,
        126,
        128
      ],
      "offset": [
        0,
        0
      ],
      "originalSize": [
        126,
        128
      ]
    }
  },
  {
    "__type__": "cc.SpriteFrame",
    "content": {
      "name": "8521471259703716",
      "texture": "1a66612af",
      "rect": [
        2,
        1138,
        88,
        89
      ],
      "offset": [
        0,
        0
      ],
      "originalSize": [
        88,
        89
      ]
    }
  },
  {
    "__type__": "cc.SpriteFrame",
    "content": {
      "name": "gamebarbg",
      "texture": "1a66612af",
      "rect": [
        1573,
        2,
        678,
        76
      ],
      "offset": [
        0,
        0
      ],
      "originalSize": [
        678,
        76
      ],
      "rotated": 1
    }
  },
  {
    "__type__": "cc.SpriteFrame",
    "content": {
      "name": "deguo",
      "texture": "1a66612af",
      "rect": [
        2,
        874,
        126,
        128
      ],
      "offset": [
        0,
        0
      ],
      "originalSize": [
        126,
        128
      ]
    }
  },
  {
    "__type__": "cc.SpriteFrame",
    "content": {
      "name": "logomask",
      "texture": "1a66612af",
      "rect": [
        132,
        874,
        126,
        126
      ],
      "offset": [
        0,
        0
      ],
      "originalSize": [
        126,
        126
      ]
    }
  },
  {
    "__type__": "cc.SpriteFrame",
    "content": {
      "name": "6171471260300647",
      "texture": "1a66612af",
      "rect": [
        1573,
        684,
        120,
        117
      ],
      "offset": [
        0,
        0
      ],
      "originalSize": [
        120,
        117
      ]
    }
  },
  {
    "__type__": "cc.SpriteFrame",
    "content": {
      "name": "kedui",
      "texture": "1a66612af",
      "rect": [
        132,
        1004,
        60,
        50
      ],
      "offset": [
        0,
        0
      ],
      "originalSize": [
        60,
        50
      ]
    }
  },
  {
    "__type__": "cc.SpriteFrame",
    "content": {
      "name": "zhudui",
      "texture": "1a66612af",
      "rect": [
        262,
        874,
        60,
        50
      ],
      "offset": [
        0,
        0
      ],
      "originalSize": [
        60,
        50
      ]
    }
  },
  {
    "__type__": "cc.SpriteFrame",
    "content": {
      "name": "qiudui_font_0",
      "texture": "1a66612af",
      "rect": [
        2,
        2,
        1567,
        868
      ],
      "offset": [
        -0.5,
        350
      ],
      "originalSize": [
        1568,
        1568
      ]
    }
  }
]