[
  {
    "__type__": "cc.Prefab",
    "_name": "footer",
    "data": {
      "__id__": 1
    },
    "asyncLoadAssets": null
  },
  {
    "__type__": "cc.Node",
    "_name": "footer",
    "_children": [
      {
        "__id__": 2
      }
    ],
    "_prefab": {
      "__type__": "cc.PrefabInfo",
      "root": {
        "__id__": 1
      },
      "asset": {
        "__id__": 0
      },
      "fileId": "d6pjGuDtpKe6J7ETrHYNJY"
    },
    "_contentSize": {
      "__type__": "cc.Size",
      "width": 835,
      "height": 80
    }
  },
  {
    "__type__": "cc.Node",
    "_name": "tips",
    "_parent": {
      "__id__": 1
    },
    "_components": [
      {
        "__type__": "cc.Label",
        "node": {
          "__id__": 2
        },
        "_useOriginalSize": false,
        "_actualFontSize": 32,
        "_fontSize": 32,
        "_N$string": "已全部加载",
        "_N$horizontalAlign": 1,
        "_N$verticalAlign": 1
      }
    ],
    "_prefab": {
      "__type__": "cc.PrefabInfo",
      "root": {
        "__id__": 1
      },
      "asset": {
        "__id__": 0
      },
      "fileId": "56hyUeaHdH17hz7TxlgLSt"
    },
    "_color": {
      "__type__": "cc.Color",
      "r": 177,
      "g": 205,
      "b": 235
    },
    "_contentSize": {
      "__type__": "cc.Size",
      "width": 160,
      "height": 40
    }
  }
]