[
  {
    "__type__": "cc.SpriteFrame",
    "content": {
      "name": "yijia",
      "texture": "11aac13c4",
      "rect": [
        91,
        1312,
        85,
        94
      ],
      "offset": [
        0,
        0
      ],
      "originalSize": [
        85,
        94
      ]
    }
  },
  {
    "__type__": "cc.SpriteFrame",
    "content": {
      "name": "xijia_selected",
      "texture": "11aac13c4",
      "rect": [
        575,
        993,
        88,
        95
      ],
      "offset": [
        0,
        0
      ],
      "originalSize": [
        88,
        95
      ]
    }
  },
  {
    "__type__": "cc.SpriteFrame",
    "content": {
      "name": "tag_7",
      "texture": "11aac13c4",
      "rect": [
        756,
        870,
        69,
        69
      ],
      "offset": [
        -1,
        0
      ],
      "originalSize": [
        75,
        75
      ]
    }
  },
  {
    "__type__": "cc.SpriteFrame",
    "content": {
      "name": "recommend_selected",
      "texture": "11aac13c4",
      "rect": [
        1029,
        261,
        83,
        95
      ],
      "offset": [
        0,
        0
      ],
      "originalSize": [
        83,
        95
      ]
    }
  },
  {
    "__type__": "cc.SpriteFrame",
    "content": {
      "name": "section_normal_2",
      "texture": "11aac13c4",
      "rect": [
        93,
        999,
        103,
        95
      ],
      "offset": [
        0,
        0
      ],
      "originalSize": [
        103,
        95
      ]
    }
  },
  {
    "__type__": "cc.SpriteFrame",
    "content": {
      "name": "ouguan",
      "texture": "11aac13c4",
      "rect": [
        1476,
        161,
        88,
        93
      ],
      "offset": [
        0,
        0
      ],
      "originalSize": [
        88,
        93
      ]
    }
  },
  {
    "__type__": "cc.SpriteFrame",
    "content": {
      "name": "daibianyuandi",
      "texture": "11aac13c4",
      "rect": [
        91,
        916,
        223,
        72
      ],
      "offset": [
        0,
        0
      ],
      "originalSize": [
        223,
        72
      ]
    }
  },
  {
    "__type__": "cc.SpriteFrame",
    "content": {
      "name": "section_selected_6",
      "texture": "11aac13c4",
      "rect": [
        2,
        1213,
        90,
        95
      ],
      "offset": [
        0,
        0
      ],
      "originalSize": [
        90,
        95
      ]
    }
  },
  {
    "__type__": "cc.SpriteFrame",
    "content": {
      "name": "yingchao",
      "texture": "11aac13c4",
      "rect": [
        1116,
        261,
        85,
        95
      ],
      "offset": [
        0,
        0
      ],
      "originalSize": [
        85,
        95
      ]
    }
  },
  {
    "__type__": "cc.SpriteFrame",
    "content": {
      "name": "section_tag_long",
      "texture": "11aac13c4",
      "rect": [
        2,
        620,
        549,
        177
      ],
      "offset": [
        -0.5,
        1.5
      ],
      "originalSize": [
        600,
        180
      ]
    }
  },
  {
    "__type__": "cc.SpriteFrame",
    "content": {
      "name": "section_selected_4",
      "texture": "11aac13c4",
      "rect": [
        2,
        1410,
        84,
        94
      ],
      "offset": [
        0,
        0
      ],
      "originalSize": [
        84,
        94
      ]
    }
  },
  {
    "__type__": "cc.SpriteFrame",
    "content": {
      "name": "section_normal_5",
      "texture": "11aac13c4",
      "rect": [
        575,
        894,
        92,
        95
      ],
      "offset": [
        0,
        0
      ],
      "originalSize": [
        92,
        95
      ]
    }
  },
  {
    "__type__": "cc.SpriteFrame",
    "content": {
      "name": "section_selected_5",
      "texture": "11aac13c4",
      "rect": [
        1785,
        146,
        92,
        95
      ],
      "offset": [
        0,
        0
      ],
      "originalSize": [
        92,
        95
      ]
    }
  },
  {
    "__type__": "cc.SpriteFrame",
    "content": {
      "name": "yijia_selected",
      "texture": "11aac13c4",
      "rect": [
        1321,
        177,
        85,
        94
      ],
      "offset": [
        0,
        0
      ],
      "originalSize": [
        85,
        94
      ]
    }
  },
  {
    "__type__": "cc.SpriteFrame",
    "content": {
      "name": "tag_5",
      "texture": "11aac13c4",
      "rect": [
        1029,
        558,
        58,
        75
      ],
      "offset": [
        0.5,
        0
      ],
      "originalSize": [
        75,
        75
      ],
      "rotated": 1
    }
  },
  {
    "__type__": "cc.SpriteFrame",
    "content": {
      "name": "yuandi",
      "texture": "11aac13c4",
      "rect": [
        416,
        916,
        64,
        64
      ],
      "offset": [
        0,
        0
      ],
      "originalSize": [
        64,
        64
      ],
      "capInsets": [
        30,
        30,
        30,
        31
      ]
    }
  },
  {
    "__type__": "cc.SpriteFrame",
    "content": {
      "name": "tag_0",
      "texture": "11aac13c4",
      "rect": [
        1029,
        177,
        75,
        75
      ],
      "offset": [
        0,
        0
      ],
      "originalSize": [
        75,
        75
      ]
    }
  },
  {
    "__type__": "cc.SpriteFrame",
    "content": {
      "name": "sectiongrid_background",
      "texture": "11aac13c4",
      "rect": [
        555,
        620,
        480,
        72
      ],
      "offset": [
        0,
        0
      ],
      "originalSize": [
        480,
        72
      ],
      "capInsets": [
        10,
        10,
        10,
        10
      ]
    }
  },
  {
    "__type__": "cc.SpriteFrame",
    "content": {
      "name": "hot_selected",
      "texture": "11aac13c4",
      "rect": [
        2,
        1312,
        85,
        94
      ],
      "offset": [
        0,
        0
      ],
      "originalSize": [
        85,
        94
      ]
    }
  },
  {
    "__type__": "cc.SpriteFrame",
    "content": {
      "name": "menubg_selected",
      "texture": "11aac13c4",
      "rect": [
        555,
        696,
        268,
        95
      ],
      "offset": [
        0,
        0
      ],
      "originalSize": [
        268,
        95
      ]
    }
  },
  {
    "__type__": "cc.SpriteFrame",
    "content": {
      "name": "tag",
      "texture": "11aac13c4",
      "rect": [
        1120,
        78,
        245,
        60
      ],
      "offset": [
        0,
        0
      ],
      "originalSize": [
        245,
        60
      ],
      "capInsets": [
        71,
        0,
        125,
        0
      ]
    }
  },
  {
    "__type__": "cc.SpriteFrame",
    "content": {
      "name": "section_normal_6",
      "texture": "11aac13c4",
      "rect": [
        1029,
        360,
        90,
        95
      ],
      "offset": [
        0,
        0
      ],
      "originalSize": [
        90,
        95
      ]
    }
  },
  {
    "__type__": "cc.SpriteFrame",
    "content": {
      "name": "bodanshang1",
      "texture": "11aac13c4",
      "rect": [
        1029,
        78,
        87,
        95
      ],
      "offset": [
        0,
        0
      ],
      "originalSize": [
        87,
        95
      ]
    }
  },
  {
    "__type__": "cc.SpriteFrame",
    "content": {
      "name": "fajia",
      "texture": "11aac13c4",
      "rect": [
        575,
        795,
        85,
        95
      ],
      "offset": [
        0,
        0
      ],
      "originalSize": [
        85,
        95
      ]
    }
  },
  {
    "__type__": "cc.SpriteFrame",
    "content": {
      "name": "yingchao_selected",
      "texture": "11aac13c4",
      "rect": [
        1029,
        459,
        85,
        95
      ],
      "offset": [
        0,
        0
      ],
      "originalSize": [
        85,
        95
      ]
    }
  },
  {
    "__type__": "cc.SpriteFrame",
    "content": {
      "name": "zhongchao_selected",
      "texture": "11aac13c4",
      "rect": [
        416,
        999,
        88,
        94
      ],
      "offset": [
        0,
        0
      ],
      "originalSize": [
        88,
        94
      ]
    }
  },
  {
    "__type__": "cc.SpriteFrame",
    "content": {
      "name": "singleColor",
      "texture": "11aac13c4",
      "rect": [
        555,
        795,
        2,
        2
      ],
      "offset": [
        0,
        0
      ],
      "originalSize": [
        2,
        2
      ]
    }
  },
  {
    "__type__": "cc.SpriteFrame",
    "content": {
      "name": "section_selected_3",
      "texture": "11aac13c4",
      "rect": [
        1227,
        239,
        85,
        94
      ],
      "offset": [
        0,
        0
      ],
      "originalSize": [
        85,
        94
      ]
    }
  },
  {
    "__type__": "cc.SpriteFrame",
    "content": {
      "name": "dejia_selected",
      "texture": "11aac13c4",
      "rect": [
        1785,
        62,
        103,
        80
      ],
      "offset": [
        0,
        0
      ],
      "originalSize": [
        103,
        80
      ]
    }
  },
  {
    "__type__": "cc.SpriteFrame",
    "content": {
      "name": "zhongchao",
      "texture": "11aac13c4",
      "rect": [
        1019,
        772,
        88,
        94
      ],
      "offset": [
        0,
        0
      ],
      "originalSize": [
        88,
        94
      ]
    }
  },
  {
    "__type__": "cc.SpriteFrame",
    "content": {
      "name": "section_selected_1",
      "texture": "11aac13c4",
      "rect": [
        318,
        916,
        94,
        93
      ],
      "offset": [
        0,
        0
      ],
      "originalSize": [
        94,
        93
      ]
    }
  },
  {
    "__type__": "cc.SpriteFrame",
    "content": {
      "name": "recommend",
      "texture": "11aac13c4",
      "rect": [
        2,
        1114,
        83,
        95
      ],
      "offset": [
        0,
        0
      ],
      "originalSize": [
        83,
        95
      ]
    }
  },
  {
    "__type__": "cc.SpriteFrame",
    "content": {
      "name": "number_0",
      "texture": "11aac13c4",
      "rect": [
        1913,
        2,
        255,
        85
      ],
      "offset": [
        -0.5,
        85.5
      ],
      "originalSize": [
        256,
        256
      ],
      "rotated": 1
    }
  },
  {
    "__type__": "cc.SpriteFrame",
    "content": {
      "name": "fajia_selected",
      "texture": "11aac13c4",
      "rect": [
        486,
        900,
        85,
        95
      ],
      "offset": [
        0,
        0
      ],
      "originalSize": [
        85,
        95
      ]
    }
  },
  {
    "__type__": "cc.SpriteFrame",
    "content": {
      "name": "tag_4",
      "texture": "11aac13c4",
      "rect": [
        288,
        1089,
        74,
        71
      ],
      "offset": [
        0.5,
        2
      ],
      "originalSize": [
        75,
        75
      ]
    }
  },
  {
    "__type__": "cc.SpriteFrame",
    "content": {
      "name": "tag_6",
      "texture": "11aac13c4",
      "rect": [
        671,
        894,
        58,
        75
      ],
      "offset": [
        0.5,
        0
      ],
      "originalSize": [
        75,
        75
      ]
    }
  },
  {
    "__type__": "cc.SpriteFrame",
    "content": {
      "name": "tag_2",
      "texture": "11aac13c4",
      "rect": [
        667,
        1091,
        60,
        75
      ],
      "offset": [
        0.5,
        0
      ],
      "originalSize": [
        75,
        75
      ]
    }
  },
  {
    "__type__": "cc.SpriteFrame",
    "content": {
      "name": "section_selected_7",
      "texture": "11aac13c4",
      "rect": [
        925,
        772,
        90,
        93
      ],
      "offset": [
        0,
        0
      ],
      "originalSize": [
        90,
        93
      ]
    }
  },
  {
    "__type__": "cc.SpriteFrame",
    "content": {
      "name": "hot",
      "texture": "11aac13c4",
      "rect": [
        89,
        1114,
        85,
        94
      ],
      "offset": [
        0,
        0
      ],
      "originalSize": [
        85,
        94
      ]
    }
  },
  {
    "__type__": "cc.SpriteFrame",
    "content": {
      "name": "all",
      "texture": "11aac13c4",
      "rect": [
        486,
        801,
        85,
        95
      ],
      "offset": [
        0,
        0
      ],
      "originalSize": [
        85,
        95
      ]
    }
  },
  {
    "__type__": "cc.SpriteFrame",
    "content": {
      "name": "section_selected_2",
      "texture": "11aac13c4",
      "rect": [
        1369,
        78,
        103,
        95
      ],
      "offset": [
        0,
        0
      ],
      "originalSize": [
        103,
        95
      ]
    }
  },
  {
    "__type__": "cc.SpriteFrame",
    "content": {
      "name": "tag_3",
      "texture": "11aac13c4",
      "rect": [
        756,
        795,
        63,
        68
      ],
      "offset": [
        0,
        0.5
      ],
      "originalSize": [
        75,
        75
      ]
    }
  },
  {
    "__type__": "cc.SpriteFrame",
    "content": {
      "name": "bodanshang2",
      "texture": "11aac13c4",
      "rect": [
        2,
        1015,
        87,
        95
      ],
      "offset": [
        0,
        0
      ],
      "originalSize": [
        87,
        95
      ]
    }
  },
  {
    "__type__": "cc.SpriteFrame",
    "content": {
      "name": "section_normal_7",
      "texture": "11aac13c4",
      "rect": [
        1227,
        142,
        90,
        93
      ],
      "offset": [
        0,
        0
      ],
      "originalSize": [
        90,
        93
      ]
    }
  },
  {
    "__type__": "cc.SpriteFrame",
    "content": {
      "name": "ouguan_selected",
      "texture": "11aac13c4",
      "rect": [
        200,
        992,
        88,
        93
      ],
      "offset": [
        0,
        0
      ],
      "originalSize": [
        88,
        93
      ]
    }
  },
  {
    "__type__": "cc.SpriteFrame",
    "content": {
      "name": "daibiandi",
      "texture": "11aac13c4",
      "rect": [
        827,
        696,
        223,
        72
      ],
      "offset": [
        0,
        0
      ],
      "originalSize": [
        223,
        72
      ]
    }
  },
  {
    "__type__": "cc.SpriteFrame",
    "content": {
      "name": "dejia",
      "texture": "11aac13c4",
      "rect": [
        1120,
        161,
        103,
        80
      ],
      "offset": [
        0,
        0
      ],
      "originalSize": [
        103,
        80
      ]
    }
  },
  {
    "__type__": "cc.SpriteFrame",
    "content": {
      "name": "all_selected",
      "texture": "11aac13c4",
      "rect": [
        2,
        916,
        85,
        95
      ],
      "offset": [
        0,
        0
      ],
      "originalSize": [
        85,
        95
      ]
    }
  },
  {
    "__type__": "cc.SpriteFrame",
    "content": {
      "name": "section_normal_8",
      "texture": "11aac13c4",
      "rect": [
        1118,
        459,
        87,
        93
      ],
      "offset": [
        0,
        0
      ],
      "originalSize": [
        87,
        93
      ]
    }
  },
  {
    "__type__": "cc.SpriteFrame",
    "content": {
      "name": "section_normal_3",
      "texture": "11aac13c4",
      "rect": [
        667,
        993,
        85,
        94
      ],
      "offset": [
        0,
        0
      ],
      "originalSize": [
        85,
        94
      ]
    }
  },
  {
    "__type__": "cc.SpriteFrame",
    "content": {
      "name": "menubg_normal",
      "texture": "11aac13c4",
      "rect": [
        1513,
        62,
        268,
        95
      ],
      "offset": [
        0,
        0
      ],
      "originalSize": [
        268,
        95
      ]
    }
  },
  {
    "__type__": "cc.SpriteFrame",
    "content": {
      "name": "xijia",
      "texture": "11aac13c4",
      "rect": [
        664,
        795,
        88,
        95
      ],
      "offset": [
        0,
        0
      ],
      "originalSize": [
        88,
        95
      ]
    }
  },
  {
    "__type__": "cc.SpriteFrame",
    "content": {
      "name": "tag_1",
      "texture": "11aac13c4",
      "rect": [
        292,
        1013,
        75,
        71
      ],
      "offset": [
        0,
        -2
      ],
      "originalSize": [
        75,
        75
      ]
    }
  },
  {
    "__type__": "cc.SpriteFrame",
    "content": {
      "name": "section_tag_short",
      "texture": "11aac13c4",
      "rect": [
        1513,
        2,
        396,
        56
      ],
      "offset": [
        4,
        2
      ],
      "originalSize": [
        500,
        180
      ]
    }
  },
  {
    "__type__": "cc.SpriteFrame",
    "content": {
      "name": "touzhudiban",
      "texture": "11aac13c4",
      "rect": [
        2,
        801,
        480,
        111
      ],
      "offset": [
        0,
        0
      ],
      "originalSize": [
        480,
        111
      ]
    }
  },
  {
    "__type__": "cc.SpriteFrame",
    "content": {
      "name": "line",
      "texture": "11aac13c4",
      "rect": [
        2002,
        2,
        3,
        50
      ],
      "offset": [
        0,
        0
      ],
      "originalSize": [
        3,
        50
      ]
    }
  },
  {
    "__type__": "cc.SpriteFrame",
    "content": {
      "name": "menu_label_0",
      "texture": "11aac13c4",
      "rect": [
        2,
        2,
        1023,
        614
      ],
      "offset": [
        -0.5,
        197
      ],
      "originalSize": [
        1024,
        1024
      ]
    }
  },
  {
    "__type__": "cc.SpriteFrame",
    "content": {
      "name": "daibianyuandi1",
      "texture": "11aac13c4",
      "rect": [
        1029,
        2,
        480,
        72
      ],
      "offset": [
        0,
        0
      ],
      "originalSize": [
        480,
        72
      ]
    }
  },
  {
    "__type__": "cc.SpriteFrame",
    "content": {
      "name": "section_normal_4",
      "texture": "11aac13c4",
      "rect": [
        200,
        1092,
        84,
        94
      ],
      "offset": [
        0,
        0
      ],
      "originalSize": [
        84,
        94
      ]
    }
  },
  {
    "__type__": "cc.SpriteFrame",
    "content": {
      "name": "section_normal_1",
      "texture": "11aac13c4",
      "rect": [
        827,
        772,
        94,
        93
      ],
      "offset": [
        0,
        0
      ],
      "originalSize": [
        94,
        93
      ]
    }
  },
  {
    "__type__": "cc.SpriteFrame",
    "content": {
      "name": "section_selected_8",
      "texture": "11aac13c4",
      "rect": [
        1568,
        161,
        87,
        93
      ],
      "offset": [
        0,
        0
      ],
      "originalSize": [
        87,
        93
      ]
    }
  }
]