[
  {
    "__type__": "cc.Prefab",
    "_name": "searchItem",
    "data": {
      "__id__": 1
    },
    "asyncLoadAssets": null
  },
  {
    "__type__": "cc.Node",
    "_name": "searchItem",
    "_children": [
      {
        "__id__": 2
      },
      {
        "__id__": 9
      }
    ],
    "_components": [
      {
        "__type__": "d5bffZGXfpIMZ8II5BQpsmf",
        "node": {
          "__id__": 1
        },
        "timeLabel": {
          "__id__": 4
        },
        "infoLabel": {
          "__id__": 6
        },
        "resultLabel": {
          "__id__": 8
        }
      },
      {
        "__type__": "cc.Button",
        "node": {
          "__id__": 1
        },
        "clickEvents": [
          {
            "__type__": "cc.ClickEvent",
            "target": {
              "__id__": 1
            },
            "component": "SearchItemDelegate",
            "handler": "onItemClick"
          }
        ],
        "_N$target": {
          "__id__": 1
        }
      }
    ],
    "_prefab": {
      "__type__": "cc.PrefabInfo",
      "root": {
        "__id__": 1
      },
      "asset": {
        "__uuid__": "b4mVhpHHZBjovdlCb2pxmg"
      },
      "fileId": "9dLE+nCaBMorux9t0HFdQx"
    },
    "_contentSize": {
      "__type__": "cc.Size",
      "width": 746,
      "height": 100
    },
    "_position": {
      "__type__": "cc.Vec2",
      "y": 50
    }
  },
  {
    "__type__": "cc.Node",
    "_name": "content",
    "_parent": {
      "__id__": 1
    },
    "_children": [
      {
        "__id__": 3
      },
      {
        "__id__": 5
      },
      {
        "__id__": 7
      }
    ],
    "_components": [
      {
        "__type__": "cc.Layout",
        "node": {
          "__id__": 2
        },
        "_layoutSize": {
          "__type__": "cc.Size",
          "width": 746,
          "height": 80
        },
        "_N$layoutType": 1
      },
      {
        "__type__": "cc.Widget",
        "node": {
          "__id__": 2
        },
        "_alignFlags": 45,
        "_top": 10,
        "_bottom": 10,
        "_originalWidth": 200,
        "_originalHeight": 150
      }
    ],
    "_prefab": {
      "__type__": "cc.PrefabInfo",
      "root": {
        "__id__": 1
      },
      "asset": {
        "__uuid__": "b4mVhpHHZBjovdlCb2pxmg"
      },
      "fileId": "4aEdf/F8NHQ6bXPb+IWZKM"
    },
    "_color": {
      "__type__": "cc.Color",
      "r": 167,
      "g": 167,
      "b": 167
    },
    "_contentSize": {
      "__type__": "cc.Size",
      "width": 746,
      "height": 80
    }
  },
  {
    "__type__": "cc.Node",
    "_name": "timeLabel",
    "_parent": {
      "__id__": 2
    },
    "_components": [
      {
        "__id__": 4
      },
      {
        "__type__": "cc.Widget",
        "node": {
          "__id__": 3
        },
        "_alignFlags": 2
      }
    ],
    "_prefab": {
      "__type__": "cc.PrefabInfo",
      "root": {
        "__id__": 1
      },
      "asset": {
        "__uuid__": "b4mVhpHHZBjovdlCb2pxmg"
      },
      "fileId": "3fBvOaBGNOsK2t1Tari6mB"
    },
    "_anchorPoint": {
      "__type__": "cc.Vec2"
    },
    "_contentSize": {
      "__type__": "cc.Size",
      "width": 220,
      "height": 28
    },
    "_position": {
      "__type__": "cc.Vec2",
      "x": -373,
      "y": -14
    }
  },
  {
    "__type__": "cc.Label",
    "node": {
      "__id__": 3
    },
    "_useOriginalSize": false,
    "_actualFontSize": 28,
    "_fontSize": 28,
    "_lineHeight": 28,
    "_N$string": "",
    "_N$horizontalAlign": 1,
    "_N$verticalAlign": 1,
    "_N$overflow": 3
  },
  {
    "__type__": "cc.Node",
    "_name": "infoLabel",
    "_parent": {
      "__id__": 2
    },
    "_components": [
      {
        "__id__": 6
      },
      {
        "__type__": "cc.Widget",
        "node": {
          "__id__": 5
        },
        "_alignFlags": 2
      }
    ],
    "_prefab": {
      "__type__": "cc.PrefabInfo",
      "root": {
        "__id__": 1
      },
      "asset": {
        "__uuid__": "b4mVhpHHZBjovdlCb2pxmg"
      },
      "fileId": "cdaQ6e8WBOGbb7i3yAvdq5"
    },
    "_anchorPoint": {
      "__type__": "cc.Vec2"
    },
    "_contentSize": {
      "__type__": "cc.Size",
      "width": 310,
      "height": 32
    },
    "_position": {
      "__type__": "cc.Vec2",
      "x": -153,
      "y": -16
    }
  },
  {
    "__type__": "cc.Label",
    "node": {
      "__id__": 5
    },
    "_useOriginalSize": false,
    "_actualFontSize": 28,
    "_fontSize": 28,
    "_lineHeight": 32,
    "_N$string": "",
    "_N$horizontalAlign": 1,
    "_N$verticalAlign": 1,
    "_N$overflow": 3
  },
  {
    "__type__": "cc.Node",
    "_name": "resultLabel",
    "_parent": {
      "__id__": 2
    },
    "_components": [
      {
        "__id__": 8
      },
      {
        "__type__": "cc.Widget",
        "node": {
          "__id__": 7
        },
        "_alignFlags": 2
      }
    ],
    "_prefab": {
      "__type__": "cc.PrefabInfo",
      "root": {
        "__id__": 1
      },
      "asset": {
        "__uuid__": "b4mVhpHHZBjovdlCb2pxmg"
      },
      "fileId": "a2kPsHK95HU4Lm6gyfHUSi"
    },
    "_anchorPoint": {
      "__type__": "cc.Vec2"
    },
    "_contentSize": {
      "__type__": "cc.Size",
      "width": 211,
      "height": 80
    },
    "_position": {
      "__type__": "cc.Vec2",
      "x": 157,
      "y": -40
    }
  },
  {
    "__type__": "cc.Label",
    "node": {
      "__id__": 7
    },
    "_useOriginalSize": false,
    "_actualFontSize": 28,
    "_fontSize": 28,
    "_lineHeight": 32,
    "_N$string": "",
    "_N$horizontalAlign": 1,
    "_N$verticalAlign": 1,
    "_N$overflow": 1
  },
  {
    "__type__": "cc.Node",
    "_name": "bottom_line",
    "_parent": {
      "__id__": 1
    },
    "_components": [
      {
        "__type__": "cc.Sprite",
        "node": {
          "__id__": 9
        },
        "_spriteFrame": {
          "__uuid__": "b3y1SxvCxAerhvQEaijgmL"
        },
        "_sizeMode": 0
      },
      {
        "__type__": "cc.Widget",
        "node": {
          "__id__": 9
        },
        "_alignFlags": 44,
        "_originalWidth": 831
      }
    ],
    "_prefab": {
      "__type__": "cc.PrefabInfo",
      "root": {
        "__id__": 1
      },
      "asset": {
        "__uuid__": "b4mVhpHHZBjovdlCb2pxmg"
      },
      "fileId": "738+E7GrBOzJMfR1QKFjkW"
    },
    "_contentSize": {
      "__type__": "cc.Size",
      "width": 746,
      "height": 2
    },
    "_position": {
      "__type__": "cc.Vec2",
      "y": -49
    }
  }
]